market_slug,market_title,category,outlet_name,citations,dead_urls,known_citation_issues,market_total_citations,market_total_dead,market_total_issues,market_dead_pct
starmer-out-in-2025,Starmer out by...?,home,AP News,135,0,1,335,14,35,4.2
starmer-out-in-2025,Starmer out by...?,home,The Guardian,24,3,2,335,14,35,4.2
starmer-out-in-2025,Starmer out by...?,home,GB News,21,4,0,335,14,35,4.2
starmer-out-in-2025,Starmer out by...?,home,BBC News,9,0,0,335,14,35,4.2
starmer-out-in-2025,Starmer out by...?,home,Wikipedia,9,0,9,335,14,35,4.2
starmer-out-in-2025,Starmer out by...?,home,CNN,6,0,4,335,14,35,4.2
starmer-out-in-2025,Starmer out by...?,home,The Telegraph,6,0,6,335,14,35,4.2
starmer-out-in-2025,Starmer out by...?,home,CNBC,5,1,0,335,14,35,4.2
starmer-out-in-2025,Starmer out by...?,home,Wikipedia – Keir Starmer,4,0,4,335,14,35,4.2
starmer-out-in-2025,Starmer out by...?,home,Blaze Trends,4,0,0,335,14,35,4.2
starmer-out-in-2025,Starmer out by...?,home,Cryptobriefing,4,1,0,335,14,35,4.2
starmer-out-in-2025,Starmer out by...?,home,CryptoBriefing,4,0,0,335,14,35,4.2
starmer-out-in-2025,Starmer out by...?,home,Altcoin Observer,4,0,0,335,14,35,4.2
starmer-out-in-2025,Starmer out by...?,home,en.wikipedia.org,3,0,3,335,14,35,4.2
starmer-out-in-2025,Starmer out by...?,home,The Canary,3,0,0,335,14,35,4.2
starmer-out-in-2025,Starmer out by...?,home,ABC News,3,0,3,335,14,35,4.2
starmer-out-in-2025,Starmer out by...?,home,The New York Times,3,0,0,335,14,35,4.2
starmer-out-in-2025,Starmer out by...?,home,Al Jazeera,3,0,0,335,14,35,4.2
starmer-out-in-2025,Starmer out by...?,home,Novara Media,3,0,0,335,14,35,4.2
starmer-out-in-2025,Starmer out by...?,home,Reuters,3,0,0,335,14,35,4.2
starmer-out-in-2025,Starmer out by...?,home,IAE Limited,3,1,0,335,14,35,4.2
starmer-out-in-2025,Starmer out by...?,home,Newsy Today,3,0,0,335,14,35,4.2
starmer-out-in-2025,Starmer out by...?,home,India Today,3,0,0,335,14,35,4.2
starmer-out-in-2025,Starmer out by...?,home,The Standard,2,0,0,335,14,35,4.2
starmer-out-in-2025,Starmer out by...?,home,Hyphen,2,0,0,335,14,35,4.2
starmer-out-in-2025,Starmer out by...?,home,LabourList,2,0,0,335,14,35,4.2
starmer-out-in-2025,Starmer out by...?,home,Time,2,0,0,335,14,35,4.2
starmer-out-in-2025,Starmer out by...?,home,BBC,2,0,1,335,14,35,4.2
starmer-out-in-2025,Starmer out by...?,home,Daily Star,2,0,0,335,14,35,4.2
starmer-out-in-2025,Starmer out by...?,home,KnowAfrica,2,0,0,335,14,35,4.2
starmer-out-in-2025,Starmer out by...?,home,Fox News,2,0,0,335,14,35,4.2
starmer-out-in-2025,Starmer out by...?,home,Bicester Advertiser,2,0,0,335,14,35,4.2
starmer-out-in-2025,Starmer out by...?,home,indiatoday.in,2,0,0,335,14,35,4.2
starmer-out-in-2025,Starmer out by...?,home,Daily Mail,1,0,0,335,14,35,4.2
starmer-out-in-2025,Starmer out by...?,home,The Independent,1,0,0,335,14,35,4.2
starmer-out-in-2025,Starmer out by...?,home,The Mirror,1,0,0,335,14,35,4.2
starmer-out-in-2025,Starmer out by...?,home,Islington Gazette,1,0,0,335,14,35,4.2
starmer-out-in-2025,Starmer out by...?,home,NBC News,1,0,0,335,14,35,4.2
starmer-out-in-2025,Starmer out by...?,home,Institute for Government,1,0,0,335,14,35,4.2
starmer-out-in-2025,Starmer out by...?,home,London Headlines,1,0,0,335,14,35,4.2
starmer-out-in-2025,Starmer out by...?,home,Getty Images,1,0,0,335,14,35,4.2
starmer-out-in-2025,Starmer out by...?,home,The Economist,1,0,0,335,14,35,4.2
starmer-out-in-2025,Starmer out by...?,home,NPR – UK elections,1,0,0,335,14,35,4.2
starmer-out-in-2025,Starmer out by...?,home,Al Jazeera,1,0,0,335,14,35,4.2
starmer-out-in-2025,Starmer out by...?,home,Joe.co.uk,1,0,0,335,14,35,4.2
starmer-out-in-2025,Starmer out by...?,home,Bloomberg,1,0,0,335,14,35,4.2
starmer-out-in-2025,Starmer out by...?,home,PollBludger,1,0,0,335,14,35,4.2
starmer-out-in-2025,Starmer out by...?,home,IBTimes UK,1,0,0,335,14,35,4.2
starmer-out-in-2025,Starmer out by...?,home,Getty Images (Jan 29 photo),1,0,0,335,14,35,4.2
starmer-out-in-2025,Starmer out by...?,home,Downtown Dallas News,1,0,0,335,14,35,4.2
starmer-out-in-2025,Starmer out by...?,home,FUBAR Radio,1,0,0,335,14,35,4.2
starmer-out-in-2025,Starmer out by...?,home,Royanews,1,0,0,335,14,35,4.2
starmer-out-in-2025,Starmer out by...?,home,FreeBets.com,1,0,0,335,14,35,4.2
starmer-out-in-2025,Starmer out by...?,home,Wikipedia (citing Ipsos),1,0,1,335,14,35,4.2
starmer-out-in-2025,Starmer out by...?,home,Western Morning News,1,0,0,335,14,35,4.2
starmer-out-in-2025,Starmer out by...?,home,PBS News,1,0,0,335,14,35,4.2
starmer-out-in-2025,Starmer out by...?,home,KnowAfrika,1,0,0,335,14,35,4.2
starmer-out-in-2025,Starmer out by...?,home,Herald Scotland,1,1,0,335,14,35,4.2
starmer-out-in-2025,Starmer out by...?,home,Feminegra,1,1,0,335,14,35,4.2
starmer-out-in-2025,Starmer out by...?,home,Suffolk News,1,0,0,335,14,35,4.2
starmer-out-in-2025,Starmer out by...?,home,Crypto Briefing,1,0,0,335,14,35,4.2
starmer-out-in-2025,Starmer out by...?,home,New York Post,1,0,0,335,14,35,4.2
starmer-out-in-2025,Starmer out by...?,home,The Tottenham Independent,1,0,0,335,14,35,4.2
starmer-out-in-2025,Starmer out by...?,home,CBS News,1,0,0,335,14,35,4.2
starmer-out-in-2025,Starmer out by...?,home,Bournemouth Echo,1,0,0,335,14,35,4.2
starmer-out-in-2025,Starmer out by...?,home,The Guardian live update,1,1,0,335,14,35,4.2
starmer-out-in-2025,Starmer out by...?,home,Witney Gazette,1,0,0,335,14,35,4.2
starmer-out-in-2025,Starmer out by...?,home,Science Techy,1,0,0,335,14,35,4.2
starmer-out-in-2025,Starmer out by...?,home,WLT Report,1,0,0,335,14,35,4.2
starmer-out-in-2025,Starmer out by...?,home,Wandsworth Times,1,0,0,335,14,35,4.2
starmer-out-in-2025,Starmer out by...?,home,Qatar Tribune,1,0,0,335,14,35,4.2
starmer-out-in-2025,Starmer out by...?,home,YouGov,1,0,0,335,14,35,4.2
starmer-out-in-2025,Starmer out by...?,home,Cryptobriefing.com,1,0,0,335,14,35,4.2
starmer-out-in-2025,Starmer out by...?,home,The Wire,1,1,0,335,14,35,4.2
starmer-out-in-2025,Starmer out by...?,home,The Guardian (live May 11),1,0,0,335,14,35,4.2
starmer-out-in-2025,Starmer out by...?,home,independent.co.uk,1,0,0,335,14,35,4.2
starmer-out-in-2025,Starmer out by...?,home,The Sun,1,0,0,335,14,35,4.2
starmer-out-in-2025,Starmer out by...?,home,NewsDrive360,1,0,0,335,14,35,4.2
starmer-out-in-2025,Starmer out by...?,home,Sunday Guardian Live,1,0,1,335,14,35,4.2
starmer-out-in-2025,Starmer out by...?,home,The Hindu,1,0,0,335,14,35,4.2
starmer-out-in-2025,Starmer out by...?,home,Nook News,1,0,0,335,14,35,4.2
starmer-out-in-2025,Starmer out by...?,home,Newsweek,1,0,0,335,14,35,4.2
starmer-out-in-2025,Starmer out by...?,home,RT World News,1,0,0,335,14,35,4.2
colombia-presidential-election,Colombia Presidential Election,politics,AP News,53,21,21,259,34,42,13.1
colombia-presidential-election,Colombia Presidential Election,politics,ColombiaOne,30,0,0,259,34,42,13.1
colombia-presidential-election,Colombia Presidential Election,politics,Pulzo,17,0,0,259,34,42,13.1
colombia-presidential-election,Colombia Presidential Election,politics,Colombia One,13,0,0,259,34,42,13.1
colombia-presidential-election,Colombia Presidential Election,politics,Colombia.com,10,0,0,259,34,42,13.1
colombia-presidential-election,Colombia Presidential Election,politics,Infobae,10,3,0,259,34,42,13.1
colombia-presidential-election,Colombia Presidential Election,politics,Bloomberg,9,0,0,259,34,42,13.1
colombia-presidential-election,Colombia Presidential Election,politics,El Ciudadano,8,1,0,259,34,42,13.1
colombia-presidential-election,Colombia Presidential Election,politics,Reuters,7,1,2,259,34,42,13.1
colombia-presidential-election,Colombia Presidential Election,politics,El Colombiano,7,0,0,259,34,42,13.1
colombia-presidential-election,Colombia Presidential Election,politics,Wikipedia,6,0,6,259,34,42,13.1
colombia-presidential-election,Colombia Presidential Election,politics,Semana,4,0,0,259,34,42,13.1
colombia-presidential-election,Colombia Presidential Election,politics,Justice for Colombia,4,0,0,259,34,42,13.1
colombia-presidential-election,Colombia Presidential Election,politics,Colombia Reports,3,0,0,259,34,42,13.1
colombia-presidential-election,Colombia Presidential Election,politics,The City Paper Bogotá,3,0,3,259,34,42,13.1
colombia-presidential-election,Colombia Presidential Election,politics,CNN,3,0,0,259,34,42,13.1
colombia-presidential-election,Colombia Presidential Election,politics,Agencia PI,3,0,0,259,34,42,13.1
colombia-presidential-election,Colombia Presidential Election,politics,Polling Data,3,3,3,259,34,42,13.1
colombia-presidential-election,Colombia Presidential Election,politics,Miami Herald,3,0,0,259,34,42,13.1
colombia-presidential-election,Colombia Presidential Election,politics,Washington Blade,3,0,0,259,34,42,13.1
colombia-presidential-election,Colombia Presidential Election,politics,NTN24,3,0,0,259,34,42,13.1
colombia-presidential-election,Colombia Presidential Election,politics,Estrella Digital,3,0,0,259,34,42,13.1
colombia-presidential-election,Colombia Presidential Election,politics,Pulzo.com,3,0,0,259,34,42,13.1
colombia-presidential-election,Colombia Presidential Election,politics,RTVC Noticias,3,1,0,259,34,42,13.1
colombia-presidential-election,Colombia Presidential Election,politics,Europapress,2,0,2,259,34,42,13.1
colombia-presidential-election,Colombia Presidential Election,politics,Latin America Reports,2,0,0,259,34,42,13.1
colombia-presidential-election,Colombia Presidential Election,politics,El País,2,0,0,259,34,42,13.1
colombia-presidential-election,Colombia Presidential Election,politics,Minuto30,2,0,0,259,34,42,13.1
colombia-presidential-election,Colombia Presidential Election,politics,Radio Santa Fe,2,0,0,259,34,42,13.1
colombia-presidential-election,Colombia Presidential Election,politics,Prensa Bolivariana,2,0,0,259,34,42,13.1
colombia-presidential-election,Colombia Presidential Election,politics,Reto Diario,2,0,0,259,34,42,13.1
colombia-presidential-election,Colombia Presidential Election,politics,Ecos del Coimema,1,0,0,259,34,42,13.1
colombia-presidential-election,Colombia Presidential Election,politics,EUROPAPRESS,1,0,1,259,34,42,13.1
colombia-presidential-election,Colombia Presidential Election,politics,Cambio Colombia,1,0,0,259,34,42,13.1
colombia-presidential-election,Colombia Presidential Election,politics,Colombian News Network,1,1,1,259,34,42,13.1
colombia-presidential-election,Colombia Presidential Election,politics,El País América Colombia,1,1,0,259,34,42,13.1
colombia-presidential-election,Colombia Presidential Election,politics,EL PAÍS English,1,0,0,259,34,42,13.1
colombia-presidential-election,Colombia Presidential Election,politics,CUE Alexander von Humboldt,1,0,0,259,34,42,13.1
colombia-presidential-election,Colombia Presidential Election,politics,El País (English),1,0,0,259,34,42,13.1
colombia-presidential-election,Colombia Presidential Election,politics,724 Noticias,1,0,0,259,34,42,13.1
colombia-presidential-election,Colombia Presidential Election,politics,Substack,1,0,0,259,34,42,13.1
colombia-presidential-election,Colombia Presidential Election,politics,Substack (Gaël M. L'Hermine),1,0,0,259,34,42,13.1
colombia-presidential-election,Colombia Presidential Election,politics,SDP Noticias,1,0,0,259,34,42,13.1
colombia-presidential-election,Colombia Presidential Election,politics,Defend Democracy Press,1,0,0,259,34,42,13.1
colombia-presidential-election,Colombia Presidential Election,politics,Global Gaming Insider,1,0,0,259,34,42,13.1
colombia-presidential-election,Colombia Presidential Election,politics,EconoTimes,1,0,0,259,34,42,13.1
colombia-presidential-election,Colombia Presidential Election,politics,Chicago Tribune,1,0,0,259,34,42,13.1
colombia-presidential-election,Colombia Presidential Election,politics,agenciapi.co,1,0,1,259,34,42,13.1
colombia-presidential-election,Colombia Presidential Election,politics,Colombian Policy Watch,1,1,1,259,34,42,13.1
colombia-presidential-election,Colombia Presidential Election,politics,Pasa La Voz,1,0,0,259,34,42,13.1
colombia-presidential-election,Colombia Presidential Election,politics,Colombian Media Outlet,1,1,1,259,34,42,13.1
colombia-presidential-election,Colombia Presidential Election,politics,Diario del Cauca,1,0,0,259,34,42,13.1
colombia-presidential-election,Colombia Presidential Election,politics,Al Jazeera,1,0,0,259,34,42,13.1
colombia-presidential-election,Colombia Presidential Election,politics,Caracol Radio,1,0,0,259,34,42,13.1
colombia-presidential-election,Colombia Presidential Election,politics,US News,1,0,0,259,34,42,13.1
colombia-presidential-election,Colombia Presidential Election,politics,El Tiempo,1,0,0,259,34,42,13.1
colombia-presidential-election,Colombia Presidential Election,politics,Xinhua,1,0,0,259,34,42,13.1
colombia-presidential-election,Colombia Presidential Election,politics,Xinhua (Spanish),1,0,0,259,34,42,13.1
colombia-presidential-election,Colombia Presidential Election,politics,BBC,1,0,0,259,34,42,13.1
colombia-presidential-election,Colombia Presidential Election,politics,Noticias RCN,1,0,0,259,34,42,13.1
colombia-presidential-election,Colombia Presidential Election,politics,The Guardian,1,0,0,259,34,42,13.1
colombia-presidential-election,Colombia Presidential Election,politics,EFE via El Telégrafo,1,0,0,259,34,42,13.1
colombia-presidential-election,Colombia Presidential Election,politics,Venezuela News,1,0,0,259,34,42,13.1
colombia-presidential-election,Colombia Presidential Election,politics,Vanguardia,1,0,0,259,34,42,13.1
colombia-presidential-election,Colombia Presidential Election,politics,BSS/AFP,1,0,0,259,34,42,13.1
us-x-iran-permanent-peace-deal-by,US x Iran permanent peace deal by...?,home,AP News,139,14,6,204,16,21,7.8
us-x-iran-permanent-peace-deal-by,US x Iran permanent peace deal by...?,home,Wikipedia,12,0,12,204,16,21,7.8
us-x-iran-permanent-peace-deal-by,US x Iran permanent peace deal by...?,home,Axios,8,0,0,204,16,21,7.8
us-x-iran-permanent-peace-deal-by,US x Iran permanent peace deal by...?,home,Reuters,8,1,0,204,16,21,7.8
us-x-iran-permanent-peace-deal-by,US x Iran permanent peace deal by...?,home,The Guardian,7,0,0,204,16,21,7.8
us-x-iran-permanent-peace-deal-by,US x Iran permanent peace deal by...?,home,CryptoBriefing,4,0,0,204,16,21,7.8
us-x-iran-permanent-peace-deal-by,US x Iran permanent peace deal by...?,home,Al Jazeera,4,1,0,204,16,21,7.8
us-x-iran-permanent-peace-deal-by,US x Iran permanent peace deal by...?,home,The New York Times,3,0,0,204,16,21,7.8
us-x-iran-permanent-peace-deal-by,US x Iran permanent peace deal by...?,home,en.wikipedia.org,2,0,2,204,16,21,7.8
us-x-iran-permanent-peace-deal-by,US x Iran permanent peace deal by...?,home,CNN,2,0,0,204,16,21,7.8
us-x-iran-permanent-peace-deal-by,US x Iran permanent peace deal by...?,home,The Washington Times,2,0,0,204,16,21,7.8
us-x-iran-permanent-peace-deal-by,US x Iran permanent peace deal by...?,home,Polymarket Analytics,1,0,0,204,16,21,7.8
us-x-iran-permanent-peace-deal-by,US x Iran permanent peace deal by...?,home,CNBC,1,0,0,204,16,21,7.8
us-x-iran-permanent-peace-deal-by,US x Iran permanent peace deal by...?,home,NCB Capital Markets,1,0,1,204,16,21,7.8
us-x-iran-permanent-peace-deal-by,US x Iran permanent peace deal by...?,home,Congress.gov,1,0,0,204,16,21,7.8
us-x-iran-permanent-peace-deal-by,US x Iran permanent peace deal by...?,home,The Hindu,1,0,0,204,16,21,7.8
us-x-iran-permanent-peace-deal-by,US x Iran permanent peace deal by...?,home,NPR,1,0,0,204,16,21,7.8
us-x-iran-permanent-peace-deal-by,US x Iran permanent peace deal by...?,home,BBC,1,0,0,204,16,21,7.8
us-x-iran-permanent-peace-deal-by,US x Iran permanent peace deal by...?,home,Cryptobriefing,1,0,0,204,16,21,7.8
us-x-iran-permanent-peace-deal-by,US x Iran permanent peace deal by...?,home,Brussels Morning,1,0,0,204,16,21,7.8
us-x-iran-permanent-peace-deal-by,US x Iran permanent peace deal by...?,home,PBS NewsHour,1,0,0,204,16,21,7.8
us-x-iran-permanent-peace-deal-by,US x Iran permanent peace deal by...?,home,NewsNation,1,0,0,204,16,21,7.8
us-x-iran-permanent-peace-deal-by,US x Iran permanent peace deal by...?,home,CBS News,1,0,0,204,16,21,7.8
us-x-iran-permanent-peace-deal-by,US x Iran permanent peace deal by...?,home,NBC News,1,0,0,204,16,21,7.8
texas-republican-senate-primary-winner,Texas Republican Senate Primary Winner,home,AP News,158,9,7,196,14,10,7.1
texas-republican-senate-primary-winner,Texas Republican Senate Primary Winner,home,Texas Politics,6,1,0,196,14,10,7.1
texas-republican-senate-primary-winner,Texas Republican Senate Primary Winner,home,Texas Tribune,5,1,0,196,14,10,7.1
texas-republican-senate-primary-winner,Texas Republican Senate Primary Winner,home,MSNBC Opinion,4,0,0,196,14,10,7.1
texas-republican-senate-primary-winner,Texas Republican Senate Primary Winner,home,Tyler Morning Telegraph,4,0,0,196,14,10,7.1
texas-republican-senate-primary-winner,Texas Republican Senate Primary Winner,home,ABC News,3,1,0,196,14,10,7.1
texas-republican-senate-primary-winner,Texas Republican Senate Primary Winner,home,Ballotpedia News,3,0,0,196,14,10,7.1
texas-republican-senate-primary-winner,Texas Republican Senate Primary Winner,home,Newsweek,3,0,0,196,14,10,7.1
texas-republican-senate-primary-winner,Texas Republican Senate Primary Winner,home,KERA News,2,0,0,196,14,10,7.1
texas-republican-senate-primary-winner,Texas Republican Senate Primary Winner,home,Houston Chronicle,2,2,0,196,14,10,7.1
texas-republican-senate-primary-winner,Texas Republican Senate Primary Winner,home,Wikipedia,2,0,2,196,14,10,7.1
texas-republican-senate-primary-winner,Texas Republican Senate Primary Winner,home,Texas Public Radio,1,0,0,196,14,10,7.1
texas-republican-senate-primary-winner,Texas Republican Senate Primary Winner,home,KUT Radio,1,0,0,196,14,10,7.1
texas-republican-senate-primary-winner,Texas Republican Senate Primary Winner,home,RedTea News,1,0,1,196,14,10,7.1
texas-republican-senate-primary-winner,Texas Republican Senate Primary Winner,home,Legis1,1,0,0,196,14,10,7.1
republican-presidential-nominee-2028,Republican Presidential Nominee 2028,politics,AP News,107,3,3,187,8,10,4.3
republican-presidential-nominee-2028,Republican Presidential Nominee 2028,politics,ABC News,27,2,3,187,8,10,4.3
republican-presidential-nominee-2028,Republican Presidential Nominee 2028,politics,Federal News Network,9,0,0,187,8,10,4.3
republican-presidential-nominee-2028,Republican Presidential Nominee 2028,politics,Newsweek,6,0,0,187,8,10,4.3
republican-presidential-nominee-2028,Republican Presidential Nominee 2028,politics,The Hill,5,0,0,187,8,10,4.3
republican-presidential-nominee-2028,Republican Presidential Nominee 2028,politics,Wikipedia,4,0,4,187,8,10,4.3
republican-presidential-nominee-2028,Republican Presidential Nominee 2028,politics,CNN Politics,3,0,0,187,8,10,4.3
republican-presidential-nominee-2028,Republican Presidential Nominee 2028,politics,The Guardian,3,0,0,187,8,10,4.3
republican-presidential-nominee-2028,Republican Presidential Nominee 2028,politics,Politico,3,0,0,187,8,10,4.3
republican-presidential-nominee-2028,Republican Presidential Nominee 2028,politics,abcnews.go.com,2,0,0,187,8,10,4.3
republican-presidential-nominee-2028,Republican Presidential Nominee 2028,politics,Fox News,2,2,0,187,8,10,4.3
republican-presidential-nominee-2028,Republican Presidential Nominee 2028,politics,POLITICO,2,0,0,187,8,10,4.3
republican-presidential-nominee-2028,Republican Presidential Nominee 2028,politics,Emerson Polling,1,0,0,187,8,10,4.3
republican-presidential-nominee-2028,Republican Presidential Nominee 2028,politics,Florida Politics,1,0,0,187,8,10,4.3
republican-presidential-nominee-2028,Republican Presidential Nominee 2028,politics,Hindustan Times,1,0,0,187,8,10,4.3
republican-presidential-nominee-2028,Republican Presidential Nominee 2028,politics,NJ.com,1,0,0,187,8,10,4.3
republican-presidential-nominee-2028,Republican Presidential Nominee 2028,politics,The Indianapolis Star,1,0,0,187,8,10,4.3
republican-presidential-nominee-2028,Republican Presidential Nominee 2028,politics,Axios,1,0,0,187,8,10,4.3
republican-presidential-nominee-2028,Republican Presidential Nominee 2028,politics,Libertarian News,1,1,0,187,8,10,4.3
republican-presidential-nominee-2028,Republican Presidential Nominee 2028,politics,Jewish Insider,1,0,0,187,8,10,4.3
republican-presidential-nominee-2028,Republican Presidential Nominee 2028,politics,Conservative Institute,1,0,0,187,8,10,4.3
republican-presidential-nominee-2028,Republican Presidential Nominee 2028,politics,Al Jazeera,1,0,0,187,8,10,4.3
republican-presidential-nominee-2028,Republican Presidential Nominee 2028,politics,Mediaite,1,0,0,187,8,10,4.3
republican-presidential-nominee-2028,Republican Presidential Nominee 2028,politics,USA Today,1,0,0,187,8,10,4.3
republican-presidential-nominee-2028,Republican Presidential Nominee 2028,politics,Texas Border Business,1,0,0,187,8,10,4.3
republican-presidential-nominee-2028,Republican Presidential Nominee 2028,politics,Irish Times,1,0,0,187,8,10,4.3
will-trump-visit-china-by,Will Trump visit China by...?,trump-presidency,en.wikipedia.org,37,0,37,183,0,37,0.0
will-trump-visit-china-by,Will Trump visit China by...?,trump-presidency,BBC,30,0,0,183,0,37,0.0
will-trump-visit-china-by,Will Trump visit China by...?,trump-presidency,scmp.com,23,0,0,183,0,37,0.0
will-trump-visit-china-by,Will Trump visit China by...?,trump-presidency,The New York Times,14,0,0,183,0,37,0.0
will-trump-visit-china-by,Will Trump visit China by...?,trump-presidency,bmj.com,9,0,0,183,0,37,0.0
will-trump-visit-china-by,Will Trump visit China by...?,trump-presidency,intelligenceonline.com,9,0,0,183,0,37,0.0
will-trump-visit-china-by,Will Trump visit China by...?,trump-presidency,youtube.com,8,0,0,183,0,37,0.0
will-trump-visit-china-by,Will Trump visit China by...?,trump-presidency,brookings.edu,7,0,0,183,0,37,0.0
will-trump-visit-china-by,Will Trump visit China by...?,trump-presidency,polymarket.com,7,0,0,183,0,37,0.0
will-trump-visit-china-by,Will Trump visit China by...?,trump-presidency,Reuters,7,0,0,183,0,37,0.0
will-trump-visit-china-by,Will Trump visit China by...?,trump-presidency,npr.org,6,0,0,183,0,37,0.0
will-trump-visit-china-by,Will Trump visit China by...?,trump-presidency,theguardian.com,5,0,0,183,0,37,0.0
will-trump-visit-china-by,Will Trump visit China by...?,trump-presidency,channelnewsasia.com,5,0,0,183,0,37,0.0
will-trump-visit-china-by,Will Trump visit China by...?,trump-presidency,Al Jazeera,4,0,0,183,0,37,0.0
will-trump-visit-china-by,Will Trump visit China by...?,trump-presidency,thediplomat.com,4,0,0,183,0,37,0.0
will-trump-visit-china-by,Will Trump visit China by...?,trump-presidency,openthemagazine.com,4,0,0,183,0,37,0.0
will-trump-visit-china-by,Will Trump visit China by...?,trump-presidency,CNBC,2,0,0,183,0,37,0.0
will-trump-visit-china-by,Will Trump visit China by...?,trump-presidency,china.usembassy-china.org.cn,1,0,0,183,0,37,0.0
will-trump-visit-china-by,Will Trump visit China by...?,trump-presidency,politico.com,1,0,0,183,0,37,0.0
nobel-peace-prize-winner-2026-139,Nobel Peace Prize Winner 2026,awards,AP News,129,11,12,170,11,19,6.5
nobel-peace-prize-winner-2026-139,Nobel Peace Prize Winner 2026,awards,ABC News,11,0,7,170,11,19,6.5
nobel-peace-prize-winner-2026-139,Nobel Peace Prize Winner 2026,awards,Reuters,3,0,0,170,11,19,6.5
nobel-peace-prize-winner-2026-139,Nobel Peace Prize Winner 2026,awards,PhotoNews,1,0,0,170,11,19,6.5
nobel-peace-prize-winner-2026-139,Nobel Peace Prize Winner 2026,awards,RTL Deutschland,1,0,0,170,11,19,6.5
nobel-peace-prize-winner-2026-139,Nobel Peace Prize Winner 2026,awards,Al Mayadeen English,1,0,0,170,11,19,6.5
nobel-peace-prize-winner-2026-139,Nobel Peace Prize Winner 2026,awards,CNN,1,0,0,170,11,19,6.5
nobel-peace-prize-winner-2026-139,Nobel Peace Prize Winner 2026,awards,Al Jazeera,1,0,0,170,11,19,6.5
nobel-peace-prize-winner-2026-139,Nobel Peace Prize Winner 2026,awards,Top African News,1,0,0,170,11,19,6.5
nobel-peace-prize-winner-2026-139,Nobel Peace Prize Winner 2026,awards,Act for Canada,1,0,0,170,11,19,6.5
nobel-peace-prize-winner-2026-139,Nobel Peace Prize Winner 2026,awards,FDD,1,0,0,170,11,19,6.5
nobel-peace-prize-winner-2026-139,Nobel Peace Prize Winner 2026,awards,luna.house.gov,1,0,0,170,11,19,6.5
nobel-peace-prize-winner-2026-139,Nobel Peace Prize Winner 2026,awards,NPR,1,0,0,170,11,19,6.5
nobel-peace-prize-winner-2026-139,Nobel Peace Prize Winner 2026,awards,Gambling911,1,0,0,170,11,19,6.5
nobel-peace-prize-winner-2026-139,Nobel Peace Prize Winner 2026,awards,Fox News,1,0,0,170,11,19,6.5
nobel-peace-prize-winner-2026-139,Nobel Peace Prize Winner 2026,awards,The Hill,1,0,0,170,11,19,6.5
nobel-peace-prize-winner-2026-139,Nobel Peace Prize Winner 2026,awards,The Washington Post,1,0,0,170,11,19,6.5
nobel-peace-prize-winner-2026-139,Nobel Peace Prize Winner 2026,awards,People.com,1,0,0,170,11,19,6.5
nobel-peace-prize-winner-2026-139,Nobel Peace Prize Winner 2026,awards,Visit Ukraine,1,0,0,170,11,19,6.5
nobel-peace-prize-winner-2026-139,Nobel Peace Prize Winner 2026,awards,Prothom Alo,1,0,0,170,11,19,6.5
nobel-peace-prize-winner-2026-139,Nobel Peace Prize Winner 2026,awards,The Independent,1,0,0,170,11,19,6.5
nobel-peace-prize-winner-2026-139,Nobel Peace Prize Winner 2026,awards,icj-cij.org,1,0,0,170,11,19,6.5
nobel-peace-prize-winner-2026-139,Nobel Peace Prize Winner 2026,awards,TRT World,1,0,0,170,11,19,6.5
nobel-peace-prize-winner-2026-139,Nobel Peace Prize Winner 2026,awards,Crypto Daily,1,0,0,170,11,19,6.5
nobel-peace-prize-winner-2026-139,Nobel Peace Prize Winner 2026,awards,Nobel Peace Prize Official,1,0,0,170,11,19,6.5
nobel-peace-prize-winner-2026-139,Nobel Peace Prize Winner 2026,awards,Daily Sabah,1,0,0,170,11,19,6.5
nobel-peace-prize-winner-2026-139,Nobel Peace Prize Winner 2026,awards,Digital Journal,1,0,0,170,11,19,6.5
nobel-peace-prize-winner-2026-139,Nobel Peace Prize Winner 2026,awards,Alternet.org,1,0,0,170,11,19,6.5
nobel-peace-prize-winner-2026-139,Nobel Peace Prize Winner 2026,awards,oversight.house.gov,1,0,0,170,11,19,6.5
nobel-peace-prize-winner-2026-139,Nobel Peace Prize Winner 2026,awards,UN News,1,0,0,170,11,19,6.5
california-governor-election-2026,California Governor Election Winner,elections,AP News,122,3,2,165,5,4,3.0
california-governor-election-2026,California Governor Election Winner,elections,New York Post,4,0,0,165,5,4,3.0
california-governor-election-2026,California Governor Election Winner,elections,USA Today,3,0,1,165,5,4,3.0
california-governor-election-2026,California Governor Election Winner,elections,CNN Politics,3,0,0,165,5,4,3.0
california-governor-election-2026,California Governor Election Winner,elections,FOX 11 Los Angeles,2,0,0,165,5,4,3.0
california-governor-election-2026,California Governor Election Winner,elections,ABC7 San Francisco,2,0,0,165,5,4,3.0
california-governor-election-2026,California Governor Election Winner,elections,Hoodline,2,0,0,165,5,4,3.0
california-governor-election-2026,California Governor Election Winner,elections,Los Angeles Times,2,0,0,165,5,4,3.0
california-governor-election-2026,California Governor Election Winner,elections,Contra Costa News,1,0,0,165,5,4,3.0
california-governor-election-2026,California Governor Election Winner,elections,Panther Prowler,1,0,0,165,5,4,3.0
california-governor-election-2026,California Governor Election Winner,elections,Madspace,1,0,0,165,5,4,3.0
california-governor-election-2026,California Governor Election Winner,elections,ABC7 Los Angeles,1,0,0,165,5,4,3.0
california-governor-election-2026,California Governor Election Winner,elections,ABC News,1,0,0,165,5,4,3.0
california-governor-election-2026,California Governor Election Winner,elections,Commonwealth Club,1,0,0,165,5,4,3.0
california-governor-election-2026,California Governor Election Winner,elections,Fox News,1,0,0,165,5,4,3.0
california-governor-election-2026,California Governor Election Winner,elections,Independent Voter News,1,0,0,165,5,4,3.0
california-governor-election-2026,California Governor Election Winner,elections,CALÓ News,1,0,0,165,5,4,3.0
california-governor-election-2026,California Governor Election Winner,elections,Associated Press,1,0,1,165,5,4,3.0
california-governor-election-2026,California Governor Election Winner,elections,KTVU FOX 2,1,0,0,165,5,4,3.0
california-governor-election-2026,California Governor Election Winner,elections,Palm Springs Tribune,1,0,0,165,5,4,3.0
california-governor-election-2026,California Governor Election Winner,elections,Emerson College Polling,1,0,0,165,5,4,3.0
california-governor-election-2026,California Governor Election Winner,elections,Whittier Daily News,1,0,0,165,5,4,3.0
california-governor-election-2026,California Governor Election Winner,elections,Desert Sun,1,0,0,165,5,4,3.0
california-governor-election-2026,California Governor Election Winner,elections,Orange County Register,1,0,0,165,5,4,3.0
california-governor-election-2026,California Governor Election Winner,elections,NBC Los Angeles,1,0,0,165,5,4,3.0
california-governor-election-2026,California Governor Election Winner,elections,CNN,1,0,0,165,5,4,3.0
california-governor-election-2026,California Governor Election Winner,elections,Olympia Renewable,1,0,0,165,5,4,3.0
california-governor-election-2026,California Governor Election Winner,elections,Politico,1,0,0,165,5,4,3.0
california-governor-election-2026,California Governor Election Winner,elections,KPBS Public Media,1,1,0,165,5,4,3.0
california-governor-election-2026,California Governor Election Winner,elections,News Channel 3-12,1,0,0,165,5,4,3.0
california-governor-election-2026,California Governor Election Winner,elections,AGP Wire,1,1,0,165,5,4,3.0
california-governor-election-2026,California Governor Election Winner,elections,Mediaite,1,0,0,165,5,4,3.0
california-governor-election-2026,California Governor Election Winner,elections,The New York Times,1,0,0,165,5,4,3.0
presidential-election-winner-2028,Presidential Election Winner 2028,world-elections,AP News,74,7,7,156,16,19,10.3
presidential-election-winner-2028,Presidential Election Winner 2028,world-elections,ABC News,19,1,1,156,16,19,10.3
presidential-election-winner-2028,Presidential Election Winner 2028,world-elections,Associated Press,6,3,1,156,16,19,10.3
presidential-election-winner-2028,Presidential Election Winner 2028,world-elections,Wikipedia,6,0,6,156,16,19,10.3
presidential-election-winner-2028,Presidential Election Winner 2028,world-elections,AP,5,3,3,156,16,19,10.3
presidential-election-winner-2028,Presidential Election Winner 2028,world-elections,Politico,3,0,0,156,16,19,10.3
presidential-election-winner-2028,Presidential Election Winner 2028,world-elections,Axios,3,0,0,156,16,19,10.3
presidential-election-winner-2028,Presidential Election Winner 2028,world-elections,OLBG,2,0,0,156,16,19,10.3
presidential-election-winner-2028,Presidential Election Winner 2028,world-elections,NewsLooks,2,0,0,156,16,19,10.3
presidential-election-winner-2028,Presidential Election Winner 2028,world-elections,Irish Star,2,0,0,156,16,19,10.3
presidential-election-winner-2028,Presidential Election Winner 2028,world-elections,USA Today,2,0,0,156,16,19,10.3
presidential-election-winner-2028,Presidential Election Winner 2028,world-elections,AllBlogThings,2,0,0,156,16,19,10.3
presidential-election-winner-2028,Presidential Election Winner 2028,world-elections,Inkl,1,0,0,156,16,19,10.3
presidential-election-winner-2028,Presidential Election Winner 2028,world-elections,Election Central,1,0,0,156,16,19,10.3
presidential-election-winner-2028,Presidential Election Winner 2028,world-elections,NewsMeaww,1,0,0,156,16,19,10.3
presidential-election-winner-2028,Presidential Election Winner 2028,world-elections,CBS News,1,1,0,156,16,19,10.3
presidential-election-winner-2028,Presidential Election Winner 2028,world-elections,The Center Square,1,0,0,156,16,19,10.3
presidential-election-winner-2028,Presidential Election Winner 2028,world-elections,Save Jersey,1,0,0,156,16,19,10.3
presidential-election-winner-2028,Presidential Election Winner 2028,world-elections,Daily Caller News Foundation,1,0,0,156,16,19,10.3
presidential-election-winner-2028,Presidential Election Winner 2028,world-elections,People.com,1,0,0,156,16,19,10.3
presidential-election-winner-2028,Presidential Election Winner 2028,world-elections,GNewsNetworks,1,0,0,156,16,19,10.3
presidential-election-winner-2028,Presidential Election Winner 2028,world-elections,WIBC,1,0,0,156,16,19,10.3
presidential-election-winner-2028,Presidential Election Winner 2028,world-elections,masslive.com,1,0,0,156,16,19,10.3
presidential-election-winner-2028,Presidential Election Winner 2028,world-elections,The Hill,1,0,0,156,16,19,10.3
presidential-election-winner-2028,Presidential Election Winner 2028,world-elections,American Tribune,1,0,0,156,16,19,10.3
presidential-election-winner-2028,Presidential Election Winner 2028,world-elections,The Daily Bo Snerdley,1,0,0,156,16,19,10.3
presidential-election-winner-2028,Presidential Election Winner 2028,world-elections,Meaww,1,0,0,156,16,19,10.3
presidential-election-winner-2028,Presidential Election Winner 2028,world-elections,nj.com,1,0,0,156,16,19,10.3
presidential-election-winner-2028,Presidential Election Winner 2028,world-elections,GoErie,1,0,0,156,16,19,10.3
presidential-election-winner-2028,Presidential Election Winner 2028,world-elections,Newsweek,1,0,0,156,16,19,10.3
presidential-election-winner-2028,Presidential Election Winner 2028,world-elections,Coinotag,1,0,0,156,16,19,10.3
presidential-election-winner-2028,Presidential Election Winner 2028,world-elections,Al Jazeera,1,0,0,156,16,19,10.3
presidential-election-winner-2028,Presidential Election Winner 2028,world-elections,CNN Politics,1,0,0,156,16,19,10.3
presidential-election-winner-2028,Presidential Election Winner 2028,world-elections,LiveNOW from FOX,1,0,1,156,16,19,10.3
presidential-election-winner-2028,Presidential Election Winner 2028,world-elections,Daily Mail Online,1,0,0,156,16,19,10.3
presidential-election-winner-2028,Presidential Election Winner 2028,world-elections,NJ.com,1,0,0,156,16,19,10.3
presidential-election-winner-2028,Presidential Election Winner 2028,world-elections,Delco Times,1,0,0,156,16,19,10.3
presidential-election-winner-2028,Presidential Election Winner 2028,world-elections,The Guardian,1,0,0,156,16,19,10.3
presidential-election-winner-2028,Presidential Election Winner 2028,world-elections,Fox News,1,0,0,156,16,19,10.3
presidential-election-winner-2028,Presidential Election Winner 2028,world-elections,Vanity Fair,1,1,0,156,16,19,10.3
presidential-election-winner-2028,Presidential Election Winner 2028,world-elections,The White House,1,0,0,156,16,19,10.3
presidential-election-winner-2028,Presidential Election Winner 2028,world-elections,al.com,1,0,0,156,16,19,10.3
democratic-presidential-nominee-2028,Democratic Presidential Nominee 2028,world-elections,AP News,92,21,21,143,22,27,15.4
democratic-presidential-nominee-2028,Democratic Presidential Nominee 2028,world-elections,ABC News,14,0,0,143,22,27,15.4
democratic-presidential-nominee-2028,Democratic Presidential Nominee 2028,world-elections,AP,5,0,0,143,22,27,15.4
democratic-presidential-nominee-2028,Democratic Presidential Nominee 2028,world-elections,Wikipedia,4,0,4,143,22,27,15.4
democratic-presidential-nominee-2028,Democratic Presidential Nominee 2028,world-elections,CNN,4,0,0,143,22,27,15.4
democratic-presidential-nominee-2028,Democratic Presidential Nominee 2028,world-elections,The Guardian,3,1,0,143,22,27,15.4
democratic-presidential-nominee-2028,Democratic Presidential Nominee 2028,world-elections,The Telegraph,2,0,2,143,22,27,15.4
democratic-presidential-nominee-2028,Democratic Presidential Nominee 2028,world-elections,Post and Courier,2,0,0,143,22,27,15.4
democratic-presidential-nominee-2028,Democratic Presidential Nominee 2028,world-elections,POLITICO,2,0,0,143,22,27,15.4
democratic-presidential-nominee-2028,Democratic Presidential Nominee 2028,world-elections,Satoji News,2,0,0,143,22,27,15.4
democratic-presidential-nominee-2028,Democratic Presidential Nominee 2028,world-elections,Latin Times,1,0,0,143,22,27,15.4
democratic-presidential-nominee-2028,Democratic Presidential Nominee 2028,world-elections,Senate.gov,1,0,0,143,22,27,15.4
democratic-presidential-nominee-2028,Democratic Presidential Nominee 2028,world-elections,Meaww,1,0,0,143,22,27,15.4
democratic-presidential-nominee-2028,Democratic Presidential Nominee 2028,world-elections,PCC Courier,1,0,0,143,22,27,15.4
democratic-presidential-nominee-2028,Democratic Presidential Nominee 2028,world-elections,The Boston Globe,1,0,0,143,22,27,15.4
democratic-presidential-nominee-2028,Democratic Presidential Nominee 2028,world-elections,News.Meaww,1,0,0,143,22,27,15.4
democratic-presidential-nominee-2028,Democratic Presidential Nominee 2028,world-elections,Political Dog 101,1,0,0,143,22,27,15.4
democratic-presidential-nominee-2028,Democratic Presidential Nominee 2028,world-elections,The Daily Bo Snerdley,1,0,0,143,22,27,15.4
democratic-presidential-nominee-2028,Democratic Presidential Nominee 2028,world-elections,Middlesboro News,1,0,0,143,22,27,15.4
democratic-presidential-nominee-2028,Democratic Presidential Nominee 2028,world-elections,Lines.com,1,0,0,143,22,27,15.4
democratic-presidential-nominee-2028,Democratic Presidential Nominee 2028,world-elections,NewsRadio 740 KTRH,1,0,0,143,22,27,15.4
democratic-presidential-nominee-2028,Democratic Presidential Nominee 2028,world-elections,BBC,1,0,0,143,22,27,15.4
democratic-presidential-nominee-2028,Democratic Presidential Nominee 2028,world-elections,Daily Bruin,1,0,0,143,22,27,15.4
brazil-presidential-election,Brazil Presidential Election,brazil,AP News,50,9,9,111,9,22,8.1
brazil-presidential-election,Brazil Presidential Election,brazil,Reuters,12,0,2,111,9,22,8.1
brazil-presidential-election,Brazil Presidential Election,brazil,Al Jazeera,4,0,0,111,9,22,8.1
brazil-presidential-election,Brazil Presidential Election,brazil,Bloomberg,4,0,0,111,9,22,8.1
brazil-presidential-election,Brazil Presidential Election,brazil,Wikipedia,3,0,3,111,9,22,8.1
brazil-presidential-election,Brazil Presidential Election,brazil,Valor International,3,0,0,111,9,22,8.1
brazil-presidential-election,Brazil Presidential Election,brazil,MercoPress,3,0,0,111,9,22,8.1
brazil-presidential-election,Brazil Presidential Election,brazil,Brasil de Fato,2,0,0,111,9,22,8.1
brazil-presidential-election,Brazil Presidential Election,brazil,The Guardian,2,0,0,111,9,22,8.1
brazil-presidential-election,Brazil Presidential Election,brazil,AS/COA,2,0,0,111,9,22,8.1
brazil-presidential-election,Brazil Presidential Election,brazil,Reuters via MarketScreener,2,0,2,111,9,22,8.1
brazil-presidential-election,Brazil Presidential Election,brazil,Riotimes Online,2,0,0,111,9,22,8.1
brazil-presidential-election,Brazil Presidential Election,brazil,Sun English Edition,1,0,1,111,9,22,8.1
brazil-presidential-election,Brazil Presidential Election,brazil,BBC,1,0,0,111,9,22,8.1
brazil-presidential-election,Brazil Presidential Election,brazil,Colombia One,1,0,0,111,9,22,8.1
brazil-presidential-election,Brazil Presidential Election,brazil,Grand Pinnacle Tribune,1,0,1,111,9,22,8.1
brazil-presidential-election,Brazil Presidential Election,brazil,TRT,1,0,1,111,9,22,8.1
brazil-presidential-election,Brazil Presidential Election,brazil,NPR,1,0,1,111,9,22,8.1
brazil-presidential-election,Brazil Presidential Election,brazil,MarketScreener India,1,0,1,111,9,22,8.1
brazil-presidential-election,Brazil Presidential Election,brazil,DL News,1,0,0,111,9,22,8.1
brazil-presidential-election,Brazil Presidential Election,brazil,Los Angeles Times,1,0,0,111,9,22,8.1
brazil-presidential-election,Brazil Presidential Election,brazil,Fortune,1,0,0,111,9,22,8.1
brazil-presidential-election,Brazil Presidential Election,brazil,Brazil Reports,1,0,0,111,9,22,8.1
brazil-presidential-election,Brazil Presidential Election,brazil,EL PAÍS English,1,0,0,111,9,22,8.1
brazil-presidential-election,Brazil Presidential Election,brazil,Lundgreen's Investor Insights,1,0,0,111,9,22,8.1
brazil-presidential-election,Brazil Presidential Election,brazil,California Insider,1,0,0,111,9,22,8.1
brazil-presidential-election,Brazil Presidential Election,brazil,Buenos Aires Times,1,0,0,111,9,22,8.1
brazil-presidential-election,Brazil Presidential Election,brazil,The Straits Times,1,0,0,111,9,22,8.1
brazil-presidential-election,Brazil Presidential Election,brazil,Peoples Dispatch,1,0,0,111,9,22,8.1
brazil-presidential-election,Brazil Presidential Election,brazil,Reuters via US News,1,0,1,111,9,22,8.1
brazil-presidential-election,Brazil Presidential Election,brazil,Jornal Opção,1,0,0,111,9,22,8.1
brazil-presidential-election,Brazil Presidential Election,brazil,eriinfo,1,0,0,111,9,22,8.1
brazil-presidential-election,Brazil Presidential Election,brazil,E-International,1,0,0,111,9,22,8.1
brazil-presidential-election,Brazil Presidential Election,brazil,Revista EYN,1,0,0,111,9,22,8.1
will-trump-visit-china-on,Will Trump visit China on...?,geopolitics,en.wikipedia.org,38,0,38,108,0,38,0.0
will-trump-visit-china-on,Will Trump visit China on...?,geopolitics,myriad.markets,15,0,0,108,0,38,0.0
will-trump-visit-china-on,Will Trump visit China on...?,geopolitics,news9live.com,15,0,0,108,0,38,0.0
will-trump-visit-china-on,Will Trump visit China on...?,geopolitics,usatoday.com,9,0,0,108,0,38,0.0
will-trump-visit-china-on,Will Trump visit China on...?,geopolitics,CNBC,7,0,0,108,0,38,0.0
will-trump-visit-china-on,Will Trump visit China on...?,geopolitics,en.iz.ru,4,0,0,108,0,38,0.0
will-trump-visit-china-on,Will Trump visit China on...?,geopolitics,english.hindusthansamachar.in,4,0,0,108,0,38,0.0
will-trump-visit-china-on,Will Trump visit China on...?,geopolitics,fmprc.gov.cn,4,0,0,108,0,38,0.0
will-trump-visit-china-on,Will Trump visit China on...?,geopolitics,channelnewsasia.com,4,0,0,108,0,38,0.0
will-trump-visit-china-on,Will Trump visit China on...?,geopolitics,BBC,2,0,0,108,0,38,0.0
will-trump-visit-china-on,Will Trump visit China on...?,geopolitics,scmp.com,2,0,0,108,0,38,0.0
will-trump-visit-china-on,Will Trump visit China on...?,geopolitics,foreignpolicy.com,2,0,0,108,0,38,0.0
will-trump-visit-china-on,Will Trump visit China on...?,geopolitics,time.com,2,0,0,108,0,38,0.0
will-the-us-confirm-that-aliens-exist-before-2027,Will the US confirm that aliens exist by...?,pop-culture,AP News,52,7,6,106,7,9,6.6
will-the-us-confirm-that-aliens-exist-before-2027,Will the US confirm that aliens exist by...?,pop-culture,The Guardian,6,0,0,106,7,9,6.6
will-the-us-confirm-that-aliens-exist-before-2027,Will the US confirm that aliens exist by...?,pop-culture,Daily Galaxy,3,0,0,106,7,9,6.6
will-the-us-confirm-that-aliens-exist-before-2027,Will the US confirm that aliens exist by...?,pop-culture,Fox News,3,0,0,106,7,9,6.6
will-the-us-confirm-that-aliens-exist-before-2027,Will the US confirm that aliens exist by...?,pop-culture,Daily Mail,2,0,0,106,7,9,6.6
will-the-us-confirm-that-aliens-exist-before-2027,Will the US confirm that aliens exist by...?,pop-culture,Floridatoday,2,0,0,106,7,9,6.6
will-the-us-confirm-that-aliens-exist-before-2027,Will the US confirm that aliens exist by...?,pop-culture,DefenseScoop,2,0,0,106,7,9,6.6
will-the-us-confirm-that-aliens-exist-before-2027,Will the US confirm that aliens exist by...?,pop-culture,Florida Today,2,0,0,106,7,9,6.6
will-the-us-confirm-that-aliens-exist-before-2027,Will the US confirm that aliens exist by...?,pop-culture,ABC News,2,0,0,106,7,9,6.6
will-the-us-confirm-that-aliens-exist-before-2027,Will the US confirm that aliens exist by...?,pop-culture,Men's Journal,2,0,0,106,7,9,6.6
will-the-us-confirm-that-aliens-exist-before-2027,Will the US confirm that aliens exist by...?,pop-culture,Air Mail,2,0,0,106,7,9,6.6
will-the-us-confirm-that-aliens-exist-before-2027,Will the US confirm that aliens exist by...?,pop-culture,Pravda USA,1,0,0,106,7,9,6.6
will-the-us-confirm-that-aliens-exist-before-2027,Will the US confirm that aliens exist by...?,pop-culture,WIRED,1,0,0,106,7,9,6.6
will-the-us-confirm-that-aliens-exist-before-2027,Will the US confirm that aliens exist by...?,pop-culture,Scientific American,1,0,0,106,7,9,6.6
will-the-us-confirm-that-aliens-exist-before-2027,Will the US confirm that aliens exist by...?,pop-culture,USA Today,1,0,0,106,7,9,6.6
will-the-us-confirm-that-aliens-exist-before-2027,Will the US confirm that aliens exist by...?,pop-culture,The Santa Barbara Independent,1,0,0,106,7,9,6.6
will-the-us-confirm-that-aliens-exist-before-2027,Will the US confirm that aliens exist by...?,pop-culture,FloridaToday,1,0,0,106,7,9,6.6
will-the-us-confirm-that-aliens-exist-before-2027,Will the US confirm that aliens exist by...?,pop-culture,The Express,1,0,0,106,7,9,6.6
will-the-us-confirm-that-aliens-exist-before-2027,Will the US confirm that aliens exist by...?,pop-culture,Izvestia,1,0,0,106,7,9,6.6
will-the-us-confirm-that-aliens-exist-before-2027,Will the US confirm that aliens exist by...?,pop-culture,Yahoo Finance,1,0,0,106,7,9,6.6
will-the-us-confirm-that-aliens-exist-before-2027,Will the US confirm that aliens exist by...?,pop-culture,National Press Club,1,0,0,106,7,9,6.6
will-the-us-confirm-that-aliens-exist-before-2027,Will the US confirm that aliens exist by...?,pop-culture,Daily Express,1,0,0,106,7,9,6.6
will-the-us-confirm-that-aliens-exist-before-2027,Will the US confirm that aliens exist by...?,pop-culture,Daily Mirror,1,0,0,106,7,9,6.6
will-the-us-confirm-that-aliens-exist-before-2027,Will the US confirm that aliens exist by...?,pop-culture,SGT Report,1,0,0,106,7,9,6.6
will-the-us-confirm-that-aliens-exist-before-2027,Will the US confirm that aliens exist by...?,pop-culture,The Washington Post,1,0,0,106,7,9,6.6
will-the-us-confirm-that-aliens-exist-before-2027,Will the US confirm that aliens exist by...?,pop-culture,BBC,1,0,0,106,7,9,6.6
will-the-us-confirm-that-aliens-exist-before-2027,Will the US confirm that aliens exist by...?,pop-culture,Axios,1,0,0,106,7,9,6.6
will-the-us-confirm-that-aliens-exist-before-2027,Will the US confirm that aliens exist by...?,pop-culture,India Today,1,0,0,106,7,9,6.6
will-the-us-confirm-that-aliens-exist-before-2027,Will the US confirm that aliens exist by...?,pop-culture,CBS News,1,0,0,106,7,9,6.6
will-the-us-confirm-that-aliens-exist-before-2027,Will the US confirm that aliens exist by...?,pop-culture,Reuters,1,0,0,106,7,9,6.6
will-the-us-confirm-that-aliens-exist-before-2027,Will the US confirm that aliens exist by...?,pop-culture,Time,1,0,0,106,7,9,6.6
will-the-us-confirm-that-aliens-exist-before-2027,Will the US confirm that aliens exist by...?,pop-culture,The Digital Weekly,1,0,0,106,7,9,6.6
will-the-us-confirm-that-aliens-exist-before-2027,Will the US confirm that aliens exist by...?,pop-culture,UAP Digest,1,0,1,106,7,9,6.6
will-the-us-confirm-that-aliens-exist-before-2027,Will the US confirm that aliens exist by...?,pop-culture,CNN,1,0,0,106,7,9,6.6
will-the-us-confirm-that-aliens-exist-before-2027,Will the US confirm that aliens exist by...?,pop-culture,Phys.org,1,0,0,106,7,9,6.6
will-the-us-confirm-that-aliens-exist-before-2027,Will the US confirm that aliens exist by...?,pop-culture,PBS News,1,0,0,106,7,9,6.6
will-the-us-confirm-that-aliens-exist-before-2027,Will the US confirm that aliens exist by...?,pop-culture,Newsweek,1,0,0,106,7,9,6.6
will-the-us-confirm-that-aliens-exist-before-2027,Will the US confirm that aliens exist by...?,pop-culture,Wikipedia (UFO files),1,0,1,106,7,9,6.6
will-the-us-confirm-that-aliens-exist-before-2027,Will the US confirm that aliens exist by...?,pop-culture,Wikipedia,1,0,1,106,7,9,6.6
fed-decision-in-june-825,Fed Decision in June?,economic-policy,AP News,53,1,0,85,5,1,5.9
fed-decision-in-june-825,Fed Decision in June?,economic-policy,ABC News,11,3,1,85,5,1,5.9
fed-decision-in-june-825,Fed Decision in June?,economic-policy,Reuters,3,0,0,85,5,1,5.9
fed-decision-in-june-825,Fed Decision in June?,economic-policy,federalreserve.gov,2,1,0,85,5,1,5.9
fed-decision-in-june-825,Fed Decision in June?,economic-policy,Federal Reserve,2,0,0,85,5,1,5.9
fed-decision-in-june-825,Fed Decision in June?,economic-policy,CNBC,2,0,0,85,5,1,5.9
fed-decision-in-june-825,Fed Decision in June?,economic-policy,Redbridge,1,0,0,85,5,1,5.9
fed-decision-in-june-825,Fed Decision in June?,economic-policy,CNN Business,1,0,0,85,5,1,5.9
fed-decision-in-june-825,Fed Decision in June?,economic-policy,Xinhua,1,0,0,85,5,1,5.9
fed-decision-in-june-825,Fed Decision in June?,economic-policy,The New York Times,1,0,0,85,5,1,5.9
fed-decision-in-june-825,Fed Decision in June?,economic-policy,Stephens,1,0,0,85,5,1,5.9
fed-decision-in-june-825,Fed Decision in June?,economic-policy,FOX 4 Dallas-Fort Worth,1,0,0,85,5,1,5.9
fed-decision-in-june-825,Fed Decision in June?,economic-policy,Sherwood News,1,0,0,85,5,1,5.9
fed-decision-in-june-825,Fed Decision in June?,economic-policy,TD Economics,1,0,0,85,5,1,5.9
fed-decision-in-june-825,Fed Decision in June?,economic-policy,PrimeRates,1,0,0,85,5,1,5.9
fed-decision-in-june-825,Fed Decision in June?,economic-policy,Market Price History,1,0,0,85,5,1,5.9
fed-decision-in-june-825,Fed Decision in June?,economic-policy,CoinDesk,1,0,0,85,5,1,5.9
fed-decision-in-june-825,Fed Decision in June?,economic-policy,Forbes,1,0,0,85,5,1,5.9
trump-announces-us-blockade-of-hormuz-lifted-by,Trump announces US blockade of Hormuz lifted by...?,strait-of-hormuz,AP News,66,4,4,83,4,9,4.8
trump-announces-us-blockade-of-hormuz-lifted-by,Trump announces US blockade of Hormuz lifted by...?,strait-of-hormuz,Polymarket Analytics,9,0,0,83,4,9,4.8
trump-announces-us-blockade-of-hormuz-lifted-by,Trump announces US blockade of Hormuz lifted by...?,strait-of-hormuz,Axios,3,0,3,83,4,9,4.8
trump-announces-us-blockade-of-hormuz-lifted-by,Trump announces US blockade of Hormuz lifted by...?,strait-of-hormuz,Sydney Times,1,0,0,83,4,9,4.8
trump-announces-us-blockade-of-hormuz-lifted-by,Trump announces US blockade of Hormuz lifted by...?,strait-of-hormuz,Trump.news,1,0,1,83,4,9,4.8
trump-announces-us-blockade-of-hormuz-lifted-by,Trump announces US blockade of Hormuz lifted by...?,strait-of-hormuz,Trump News,1,0,1,83,4,9,4.8
trump-announces-us-blockade-of-hormuz-lifted-by,Trump announces US blockade of Hormuz lifted by...?,strait-of-hormuz,CryptoBriefing,1,0,0,83,4,9,4.8
trump-announces-us-blockade-of-hormuz-lifted-by,Trump announces US blockade of Hormuz lifted by...?,strait-of-hormuz,Navy Times,1,0,0,83,4,9,4.8
us-x-iran-diplomatic-meeting-by-329,US x Iran diplomatic meeting by...?,politics,AP News,60,5,4,80,5,5,6.2
us-x-iran-diplomatic-meeting-by-329,US x Iran diplomatic meeting by...?,politics,Al Jazeera,4,0,0,80,5,5,6.2
us-x-iran-diplomatic-meeting-by-329,US x Iran diplomatic meeting by...?,politics,Iran International,2,0,0,80,5,5,6.2
us-x-iran-diplomatic-meeting-by-329,US x Iran diplomatic meeting by...?,politics,CNN Politics,2,0,0,80,5,5,6.2
us-x-iran-diplomatic-meeting-by-329,US x Iran diplomatic meeting by...?,politics,The New York Times,2,0,0,80,5,5,6.2
us-x-iran-diplomatic-meeting-by-329,US x Iran diplomatic meeting by...?,politics,CNN,2,0,0,80,5,5,6.2
us-x-iran-diplomatic-meeting-by-329,US x Iran diplomatic meeting by...?,politics,The Guardian,1,0,0,80,5,5,6.2
us-x-iran-diplomatic-meeting-by-329,US x Iran diplomatic meeting by...?,politics,Reuters,1,0,0,80,5,5,6.2
us-x-iran-diplomatic-meeting-by-329,US x Iran diplomatic meeting by...?,politics,CNBC,1,0,0,80,5,5,6.2
us-x-iran-diplomatic-meeting-by-329,US x Iran diplomatic meeting by...?,politics,The Hartford Courant,1,0,0,80,5,5,6.2
us-x-iran-diplomatic-meeting-by-329,US x Iran diplomatic meeting by...?,politics,The Washington Post,1,0,0,80,5,5,6.2
us-x-iran-diplomatic-meeting-by-329,US x Iran diplomatic meeting by...?,politics,Courant,1,0,0,80,5,5,6.2
us-x-iran-diplomatic-meeting-by-329,US x Iran diplomatic meeting by...?,politics,CBS News,1,0,0,80,5,5,6.2
us-x-iran-diplomatic-meeting-by-329,US x Iran diplomatic meeting by...?,politics,Wikipedia,1,0,1,80,5,5,6.2
west-bengal-legislative-assembly-election-winner,West Bengal Legislative Assembly Election Winner,world-elections,thehindu.com,11,0,0,71,0,4,0.0
west-bengal-legislative-assembly-election-winner,West Bengal Legislative Assembly Election Winner,world-elections,republicworld.com,9,0,0,71,0,4,0.0
west-bengal-legislative-assembly-election-winner,West Bengal Legislative Assembly Election Winner,world-elections,latestly.com,9,0,0,71,0,4,0.0
west-bengal-legislative-assembly-election-winner,West Bengal Legislative Assembly Election Winner,world-elections,karnatakalive.in,7,0,0,71,0,4,0.0
west-bengal-legislative-assembly-election-winner,West Bengal Legislative Assembly Election Winner,world-elections,voterlist.co.in,5,0,0,71,0,4,0.0
west-bengal-legislative-assembly-election-winner,West Bengal Legislative Assembly Election Winner,world-elections,indianewsnetwork.com,5,0,0,71,0,4,0.0
west-bengal-legislative-assembly-election-winner,West Bengal Legislative Assembly Election Winner,world-elections,bengali.abplive.com,5,0,0,71,0,4,0.0
west-bengal-legislative-assembly-election-winner,West Bengal Legislative Assembly Election Winner,world-elections,opindia.com,5,0,0,71,0,4,0.0
west-bengal-legislative-assembly-election-winner,West Bengal Legislative Assembly Election Winner,world-elections,polymarket.com,4,0,0,71,0,4,0.0
west-bengal-legislative-assembly-election-winner,West Bengal Legislative Assembly Election Winner,world-elections,en.wikipedia.org,4,0,4,71,0,4,0.0
west-bengal-legislative-assembly-election-winner,West Bengal Legislative Assembly Election Winner,world-elections,indiatoday.in,2,0,0,71,0,4,0.0
west-bengal-legislative-assembly-election-winner,West Bengal Legislative Assembly Election Winner,world-elections,indiannewsnetwork.net,2,0,0,71,0,4,0.0
west-bengal-legislative-assembly-election-winner,West Bengal Legislative Assembly Election Winner,world-elections,india.com,2,0,0,71,0,4,0.0
west-bengal-legislative-assembly-election-winner,West Bengal Legislative Assembly Election Winner,world-elections,newsonair.gov.in,1,0,0,71,0,4,0.0
what-will-the-us-agree-to,What Iranian demands will Trump agree to in April?,enrich,commonslibrary.parliament.uk,11,0,0,68,0,11,0.0
what-will-the-us-agree-to,What Iranian demands will Trump agree to in April?,enrich,en.wikipedia.org,11,0,11,68,0,11,0.0
what-will-the-us-agree-to,What Iranian demands will Trump agree to in April?,enrich,sociotoday.com,7,0,0,68,0,11,0.0
what-will-the-us-agree-to,What Iranian demands will Trump agree to in April?,enrich,coinfomania.com,7,0,0,68,0,11,0.0
what-will-the-us-agree-to,What Iranian demands will Trump agree to in April?,enrich,newstalk1130.iheart.com,7,0,0,68,0,11,0.0
what-will-the-us-agree-to,What Iranian demands will Trump agree to in April?,enrich,The New York Times,6,0,0,68,0,11,0.0
what-will-the-us-agree-to,What Iranian demands will Trump agree to in April?,enrich,washingtonpost.com,6,0,0,68,0,11,0.0
what-will-the-us-agree-to,What Iranian demands will Trump agree to in April?,enrich,cnn.com,3,0,0,68,0,11,0.0
what-will-the-us-agree-to,What Iranian demands will Trump agree to in April?,enrich,globaldefensecorp.com,2,0,0,68,0,11,0.0
what-will-the-us-agree-to,What Iranian demands will Trump agree to in April?,enrich,Al Jazeera,2,0,0,68,0,11,0.0
what-will-the-us-agree-to,What Iranian demands will Trump agree to in April?,enrich,polymarket.com,1,0,0,68,0,11,0.0
what-will-the-us-agree-to,What Iranian demands will Trump agree to in April?,enrich,youtube.com,1,0,0,68,0,11,0.0
what-will-the-us-agree-to,What Iranian demands will Trump agree to in April?,enrich,abc17news.com,1,0,0,68,0,11,0.0
what-will-the-us-agree-to,What Iranian demands will Trump agree to in April?,enrich,krdo.com,1,0,0,68,0,11,0.0
what-will-the-us-agree-to,What Iranian demands will Trump agree to in April?,enrich,coinspectator.com,1,0,0,68,0,11,0.0
what-will-the-us-agree-to,What Iranian demands will Trump agree to in April?,enrich,axios.com,1,0,0,68,0,11,0.0
ky-04-republican-primary-winner,KY-04 Republican Primary Winner,home,AP News,55,28,28,66,28,28,42.4
ky-04-republican-primary-winner,KY-04 Republican Primary Winner,home,ABC News,11,0,0,66,28,28,42.4
ohio-governor-republican-primary-winner,Ohio Governor Republican Primary Winner,politics,ohiocapitaljournal.com,18,0,18,63,0,32,0.0
ohio-governor-republican-primary-winner,Ohio Governor Republican Primary Winner,politics,polymarket.com,16,0,0,63,0,32,0.0
ohio-governor-republican-primary-winner,Ohio Governor Republican Primary Winner,politics,buckeyefirearms.org,6,0,0,63,0,32,0.0
ohio-governor-republican-primary-winner,Ohio Governor Republican Primary Winner,politics,eu.mansfieldnewsjournal.com,4,0,4,63,0,32,0.0
ohio-governor-republican-primary-winner,Ohio Governor Republican Primary Winner,politics,ap.org,4,0,4,63,0,32,0.0
ohio-governor-republican-primary-winner,Ohio Governor Republican Primary Winner,politics,newsfromthestates.com,3,0,0,63,0,32,0.0
ohio-governor-republican-primary-winner,Ohio Governor Republican Primary Winner,politics,thebiographybytes.com,2,0,2,63,0,32,0.0
ohio-governor-republican-primary-winner,Ohio Governor Republican Primary Winner,politics,redtea.com,2,0,2,63,0,32,0.0
ohio-governor-republican-primary-winner,Ohio Governor Republican Primary Winner,politics,congress.net,2,0,0,63,0,32,0.0
ohio-governor-republican-primary-winner,Ohio Governor Republican Primary Winner,politics,en.wikipedia.org,2,0,2,63,0,32,0.0
ohio-governor-republican-primary-winner,Ohio Governor Republican Primary Winner,politics,theguardian.com,1,0,0,63,0,32,0.0
ohio-governor-republican-primary-winner,Ohio Governor Republican Primary Winner,politics,dispatch.com,1,0,0,63,0,32,0.0
ohio-governor-republican-primary-winner,Ohio Governor Republican Primary Winner,politics,wlwt.com,1,0,0,63,0,32,0.0
ohio-governor-republican-primary-winner,Ohio Governor Republican Primary Winner,politics,"MAY 5, 2026 PRIMARY ELECTION",1,0,0,63,0,32,0.0
spacex-ipo-closing-market-cap-above,SpaceX IPO closing market cap above ___ ?,home,Reuters,21,0,0,58,0,2,0.0
spacex-ipo-closing-market-cap-above,SpaceX IPO closing market cap above ___ ?,home,The New York Times,4,0,0,58,0,2,0.0
spacex-ipo-closing-market-cap-above,SpaceX IPO closing market cap above ___ ?,home,Advanced Television,3,0,0,58,0,2,0.0
spacex-ipo-closing-market-cap-above,SpaceX IPO closing market cap above ___ ?,home,The Tokenist,3,0,0,58,0,2,0.0
spacex-ipo-closing-market-cap-above,SpaceX IPO closing market cap above ___ ?,home,Meyka,2,0,0,58,0,2,0.0
spacex-ipo-closing-market-cap-above,SpaceX IPO closing market cap above ___ ?,home,Forbes,2,0,0,58,0,2,0.0
spacex-ipo-closing-market-cap-above,SpaceX IPO closing market cap above ___ ?,home,WealthClub,2,0,0,58,0,2,0.0
spacex-ipo-closing-market-cap-above,SpaceX IPO closing market cap above ___ ?,home,Backpack Exchange,2,0,0,58,0,2,0.0
spacex-ipo-closing-market-cap-above,SpaceX IPO closing market cap above ___ ?,home,Satellite Markets Research,2,0,0,58,0,2,0.0
spacex-ipo-closing-market-cap-above,SpaceX IPO closing market cap above ___ ?,home,Intellectia’s Crypto News,2,0,0,58,0,2,0.0
spacex-ipo-closing-market-cap-above,SpaceX IPO closing market cap above ___ ?,home,Inkl,1,0,0,58,0,2,0.0
spacex-ipo-closing-market-cap-above,SpaceX IPO closing market cap above ___ ?,home,Kiplinger,1,0,0,58,0,2,0.0
spacex-ipo-closing-market-cap-above,SpaceX IPO closing market cap above ___ ?,home,BitMEX,1,0,1,58,0,2,0.0
spacex-ipo-closing-market-cap-above,SpaceX IPO closing market cap above ___ ?,home,Market Realist,1,0,0,58,0,2,0.0
spacex-ipo-closing-market-cap-above,SpaceX IPO closing market cap above ___ ?,home,CNBC,1,0,1,58,0,2,0.0
spacex-ipo-closing-market-cap-above,SpaceX IPO closing market cap above ___ ?,home,Tokenist,1,0,0,58,0,2,0.0
spacex-ipo-closing-market-cap-above,SpaceX IPO closing market cap above ___ ?,home,Hyperliquid,1,0,0,58,0,2,0.0
spacex-ipo-closing-market-cap-above,SpaceX IPO closing market cap above ___ ?,home,IFR,1,0,0,58,0,2,0.0
spacex-ipo-closing-market-cap-above,SpaceX IPO closing market cap above ___ ?,home,Bloomberg,1,0,0,58,0,2,0.0
spacex-ipo-closing-market-cap-above,SpaceX IPO closing market cap above ___ ?,home,Coin360,1,0,0,58,0,2,0.0
spacex-ipo-closing-market-cap-above,SpaceX IPO closing market cap above ___ ?,home,Intellectia,1,0,0,58,0,2,0.0
spacex-ipo-closing-market-cap-above,SpaceX IPO closing market cap above ___ ?,home,Yahoo Finance,1,0,0,58,0,2,0.0
spacex-ipo-closing-market-cap-above,SpaceX IPO closing market cap above ___ ?,home,Polymarket Analytics,1,0,0,58,0,2,0.0
spacex-ipo-closing-market-cap-above,SpaceX IPO closing market cap above ___ ?,home,BaseNor,1,0,0,58,0,2,0.0
spacex-ipo-closing-market-cap-above,SpaceX IPO closing market cap above ___ ?,home,Basenor,1,0,0,58,0,2,0.0
los-angeles-mayoral-election-117,Los Angeles Mayoral Election,mayor,AP News,17,0,0,48,1,2,2.1
next-prime-minister-of-hungary,Next Prime Minister of Hungary,world,BBC,10,0,0,48,1,20,2.1
next-prime-minister-of-hungary,Next Prime Minister of Hungary,world,István Kapitány,8,0,8,48,1,20,2.1
us-announces-new-iran-agreementceasefire-extension-by,US announces new Iran agreement/ceasefire extension by...?,home,The Washington Post,8,0,0,48,0,8,0.0
next-prime-minister-of-hungary,Next Prime Minister of Hungary,world,cnn.com,5,0,0,48,1,20,2.1
los-angeles-mayoral-election-117,Los Angeles Mayoral Election,mayor,ABC7 Los Angeles,4,0,0,48,1,2,2.1
next-prime-minister-of-hungary,Next Prime Minister of Hungary,world,Istvan Kapitany,4,0,4,48,1,20,2.1
us-announces-new-iran-agreementceasefire-extension-by,US announces new Iran agreement/ceasefire extension by...?,home,The Guardian,4,0,0,48,0,8,0.0
us-announces-new-iran-agreementceasefire-extension-by,US announces new Iran agreement/ceasefire extension by...?,home,Reuters,4,0,0,48,0,8,0.0
next-prime-minister-of-hungary,Next Prime Minister of Hungary,world,en.wikipedia.org,3,0,3,48,1,20,2.1
next-prime-minister-of-hungary,Next Prime Minister of Hungary,world,polymarket.com,3,0,0,48,1,20,2.1
next-prime-minister-of-hungary,Next Prime Minister of Hungary,world,hungarianconservative.com,3,0,0,48,1,20,2.1
us-announces-new-iran-agreementceasefire-extension-by,US announces new Iran agreement/ceasefire extension by...?,home,Axios,3,0,1,48,0,8,0.0
los-angeles-mayoral-election-117,Los Angeles Mayoral Election,mayor,Los Angeles Times,2,0,1,48,1,2,2.1
los-angeles-mayoral-election-117,Los Angeles Mayoral Election,mayor,ABC News,2,0,0,48,1,2,2.1
los-angeles-mayoral-election-117,Los Angeles Mayoral Election,mayor,FOX 11 Los Angeles,2,1,0,48,1,2,2.1
los-angeles-mayoral-election-117,Los Angeles Mayoral Election,mayor,RedState,2,0,0,48,1,2,2.1
los-angeles-mayoral-election-117,Los Angeles Mayoral Election,mayor,The Daily Caller,2,0,0,48,1,2,2.1
los-angeles-mayoral-election-117,Los Angeles Mayoral Election,mayor,New York Post,2,0,0,48,1,2,2.1
next-prime-minister-of-hungary,Next Prime Minister of Hungary,world,Péter Magyar - Wikipedia,2,0,2,48,1,20,2.1
next-prime-minister-of-hungary,Next Prime Minister of Hungary,world,mandiner.hu,2,0,0,48,1,20,2.1
next-prime-minister-of-hungary,Next Prime Minister of Hungary,world,index.hu,2,0,0,48,1,20,2.1
next-prime-minister-of-hungary,Next Prime Minister of Hungary,world,László Toroczkai - Wikipedia,2,0,2,48,1,20,2.1
us-announces-new-iran-agreementceasefire-extension-by,US announces new Iran agreement/ceasefire extension by...?,home,Financial Times,2,0,2,48,0,8,0.0
us-announces-new-iran-agreementceasefire-extension-by,US announces new Iran agreement/ceasefire extension by...?,home,Pravda Trump,2,0,2,48,0,8,0.0
us-announces-new-iran-agreementceasefire-extension-by,US announces new Iran agreement/ceasefire extension by...?,home,Pravda USA,2,0,0,48,0,8,0.0
us-announces-new-iran-agreementceasefire-extension-by,US announces new Iran agreement/ceasefire extension by...?,home,ABC News,2,0,2,48,0,8,0.0
us-announces-new-iran-agreementceasefire-extension-by,US announces new Iran agreement/ceasefire extension by...?,home,Detroit News,2,0,0,48,0,8,0.0
us-announces-new-iran-agreementceasefire-extension-by,US announces new Iran agreement/ceasefire extension by...?,home,CBS News,2,0,0,48,0,8,0.0
us-announces-new-iran-agreementceasefire-extension-by,US announces new Iran agreement/ceasefire extension by...?,home,American Faith,2,0,0,48,0,8,0.0
us-announces-new-iran-agreementceasefire-extension-by,US announces new Iran agreement/ceasefire extension by...?,home,Al Jazeera,2,0,0,48,0,8,0.0
los-angeles-mayoral-election-117,Los Angeles Mayoral Election,mayor,The LA Fed,1,0,0,48,1,2,2.1
los-angeles-mayoral-election-117,Los Angeles Mayoral Election,mayor,LATF USA NEWS,1,0,0,48,1,2,2.1
los-angeles-mayoral-election-117,Los Angeles Mayoral Election,mayor,Santa Monica Observer,1,0,0,48,1,2,2.1
los-angeles-mayoral-election-117,Los Angeles Mayoral Election,mayor,India Tribune,1,0,0,48,1,2,2.1
los-angeles-mayoral-election-117,Los Angeles Mayoral Election,mayor,iNDICA NEWS,1,0,0,48,1,2,2.1
los-angeles-mayoral-election-117,Los Angeles Mayoral Election,mayor,GlobeNewswire,1,0,0,48,1,2,2.1
los-angeles-mayoral-election-117,Los Angeles Mayoral Election,mayor,KFI AM 640,1,0,0,48,1,2,2.1
los-angeles-mayoral-election-117,Los Angeles Mayoral Election,mayor,USA Today,1,0,1,48,1,2,2.1
los-angeles-mayoral-election-117,Los Angeles Mayoral Election,mayor,Daily Truth Report,1,0,0,48,1,2,2.1
los-angeles-mayoral-election-117,Los Angeles Mayoral Election,mayor,KABC-AM,1,0,0,48,1,2,2.1
los-angeles-mayoral-election-117,Los Angeles Mayoral Election,mayor,Herald Mail Media,1,0,0,48,1,2,2.1
los-angeles-mayoral-election-117,Los Angeles Mayoral Election,mayor,Townhall,1,0,0,48,1,2,2.1
los-angeles-mayoral-election-117,Los Angeles Mayoral Election,mayor,The Gateway Pundit,1,0,0,48,1,2,2.1
los-angeles-mayoral-election-117,Los Angeles Mayoral Election,mayor,BBC News,1,0,0,48,1,2,2.1
los-angeles-mayoral-election-117,Los Angeles Mayoral Election,mayor,LAist,1,0,0,48,1,2,2.1
next-prime-minister-of-hungary,Next Prime Minister of Hungary,world,greatreporter.com,1,0,0,48,1,20,2.1
next-prime-minister-of-hungary,Next Prime Minister of Hungary,world,dailykos.com,1,0,0,48,1,20,2.1
next-prime-minister-of-hungary,Next Prime Minister of Hungary,world,stvincenttribune.com,1,1,0,48,1,20,2.1
next-prime-minister-of-hungary,Next Prime Minister of Hungary,world,Viktor Orbán - Wikipedia,1,0,1,48,1,20,2.1
us-announces-new-iran-agreementceasefire-extension-by,US announces new Iran agreement/ceasefire extension by...?,home,The Washington Times,1,0,0,48,0,8,0.0
us-announces-new-iran-agreementceasefire-extension-by,US announces new Iran agreement/ceasefire extension by...?,home,Daily Express US,1,0,0,48,0,8,0.0
us-announces-new-iran-agreementceasefire-extension-by,US announces new Iran agreement/ceasefire extension by...?,home,CNBC,1,0,0,48,0,8,0.0
us-announces-new-iran-agreementceasefire-extension-by,US announces new Iran agreement/ceasefire extension by...?,home,The Detroit News,1,0,0,48,0,8,0.0
us-announces-new-iran-agreementceasefire-extension-by,US announces new Iran agreement/ceasefire extension by...?,home,en.wikipedia.org,1,0,1,48,0,8,0.0
us-announces-new-iran-agreementceasefire-extension-by,US announces new Iran agreement/ceasefire extension by...?,home,CNN,1,0,0,48,0,8,0.0
us-announces-new-iran-agreementceasefire-extension-by,US announces new Iran agreement/ceasefire extension by...?,home,The Times of Israel,1,0,0,48,0,8,0.0
us-announces-new-iran-agreementceasefire-extension-by,US announces new Iran agreement/ceasefire extension by...?,home,The Soufan Center,1,0,0,48,0,8,0.0
us-announces-new-iran-agreementceasefire-extension-by,US announces new Iran agreement/ceasefire extension by...?,home,POLITICO,1,0,0,48,0,8,0.0
us-announces-new-iran-agreementceasefire-extension-by,US announces new Iran agreement/ceasefire extension by...?,home,Associated Press,1,0,0,48,0,8,0.0
us-announces-new-iran-agreementceasefire-extension-by,US announces new Iran agreement/ceasefire extension by...?,home,The Hindu,1,0,0,48,0,8,0.0
us-announces-new-iran-agreementceasefire-extension-by,US announces new Iran agreement/ceasefire extension by...?,home,MS NOW,1,0,0,48,0,8,0.0
us-announces-new-iran-agreementceasefire-extension-by,US announces new Iran agreement/ceasefire extension by...?,home,CNN Politics,1,0,0,48,0,8,0.0
fed-decision-in-april,Fed decision in April?,economic-policy,medium.com,10,0,0,45,0,0,0.0
fed-decision-in-april,Fed decision in April?,economic-policy,schwab.com,10,0,0,45,0,0,0.0
fed-decision-in-april,Fed decision in April?,economic-policy,finance.yahoo.com,10,0,0,45,0,0,0.0
fed-decision-in-april,Fed decision in April?,economic-policy,futurespropfirms.us,3,0,0,45,0,0,0.0
fed-decision-in-april,Fed decision in April?,economic-policy,mnimarkets.com,3,0,0,45,0,0,0.0
fed-decision-in-april,Fed decision in April?,economic-policy,allianzgi.com,3,0,0,45,0,0,0.0
fed-decision-in-april,Fed decision in April?,economic-policy,federalreserve.gov,2,0,0,45,0,0,0.0
fed-decision-in-april,Fed decision in April?,economic-policy,Inflation Nowcasting,2,0,0,45,0,0,0.0
fed-decision-in-april,Fed decision in April?,economic-policy,tradingeconomics.com,2,0,0,45,0,0,0.0
who-will-be-the-next-prime-minister-of-israel-after-the-next-election,Who will be the next Prime Minister of Israel after the next election?,politics,AP News,43,3,2,43,3,2,7.0
fed-decision-in-july-181,Fed Decision in July?,fomc,Reuters,9,1,0,37,3,2,8.1
fed-decision-in-july-181,Fed Decision in July?,fomc,CNBC,9,0,0,37,3,2,8.1
fed-decision-in-july-181,Fed Decision in July?,fomc,federalreserve.gov,2,0,0,37,3,2,8.1
fed-decision-in-july-181,Fed Decision in July?,fomc,bls.gov,2,0,0,37,3,2,8.1
fed-decision-in-july-181,Fed Decision in July?,fomc,Advisor Perspectives,1,0,0,37,3,2,8.1
fed-decision-in-july-181,Fed Decision in July?,fomc,ABC News (via Axios),1,0,0,37,3,2,8.1
fed-decision-in-july-181,Fed Decision in July?,fomc,X,1,1,1,37,3,2,8.1
fed-decision-in-july-181,Fed Decision in July?,fomc,CBS News,1,1,0,37,3,2,8.1
fed-decision-in-july-181,Fed Decision in July?,fomc,Coin360,1,0,0,37,3,2,8.1
fed-decision-in-july-181,Fed Decision in July?,fomc,Izvestia,1,0,0,37,3,2,8.1
fed-decision-in-july-181,Fed Decision in July?,fomc,The Motley Fool,1,0,0,37,3,2,8.1
fed-decision-in-july-181,Fed Decision in July?,fomc,Benzinga,1,0,0,37,3,2,8.1
fed-decision-in-july-181,Fed Decision in July?,fomc,Forbes,1,0,0,37,3,2,8.1
fed-decision-in-july-181,Fed Decision in July?,fomc,The Guardian,1,0,0,37,3,2,8.1
fed-decision-in-july-181,Fed Decision in July?,fomc,CNBC via PricePredictions,1,0,1,37,3,2,8.1
fed-decision-in-july-181,Fed Decision in July?,fomc,Fox Business,1,0,0,37,3,2,8.1
fed-decision-in-july-181,Fed Decision in July?,fomc,TD Economics,1,0,0,37,3,2,8.1
fed-decision-in-july-181,Fed Decision in July?,fomc,Floordaily.net,1,0,0,37,3,2,8.1
fed-decision-in-july-181,Fed Decision in July?,fomc,Fortune,1,0,0,37,3,2,8.1
what-iranian-demands-will-trump-agree-to-by-may-31,What Iranian demands will Trump agree to by May 31?,iran,AP News,24,2,1,34,2,2,5.9
what-iranian-demands-will-trump-agree-to-by-may-31,What Iranian demands will Trump agree to by May 31?,iran,CryptoBriefing,5,0,0,34,2,2,5.9
what-iranian-demands-will-trump-agree-to-by-may-31,What Iranian demands will Trump agree to by May 31?,iran,Wikipedia,1,0,1,34,2,2,5.9
what-iranian-demands-will-trump-agree-to-by-may-31,What Iranian demands will Trump agree to by May 31?,iran,Time,1,0,0,34,2,2,5.9
what-iranian-demands-will-trump-agree-to-by-may-31,What Iranian demands will Trump agree to by May 31?,iran,The Times of Israel,1,0,0,34,2,2,5.9
what-iranian-demands-will-trump-agree-to-by-may-31,What Iranian demands will Trump agree to by May 31?,iran,Reuters,1,0,0,34,2,2,5.9
what-iranian-demands-will-trump-agree-to-by-may-31,What Iranian demands will Trump agree to by May 31?,iran,OneWorldNews,1,0,0,34,2,2,5.9
us-iran-final-nuclear-deal-by-20260621201254412,US-Iran Final Nuclear Deal by…?,home,NPR,10,0,0,33,2,3,6.1
us-iran-final-nuclear-deal-by-20260621201254412,US-Iran Final Nuclear Deal by…?,home,CNBC,3,0,0,33,2,3,6.1
us-iran-final-nuclear-deal-by-20260621201254412,US-Iran Final Nuclear Deal by…?,home,CBS News,3,0,0,33,2,3,6.1
us-iran-final-nuclear-deal-by-20260621201254412,US-Iran Final Nuclear Deal by…?,home,CNN,2,0,0,33,2,3,6.1
us-iran-final-nuclear-deal-by-20260621201254412,US-Iran Final Nuclear Deal by…?,home,NBC News,2,0,0,33,2,3,6.1
us-iran-final-nuclear-deal-by-20260621201254412,US-Iran Final Nuclear Deal by…?,home,Reuters,2,0,0,33,2,3,6.1
us-iran-final-nuclear-deal-by-20260621201254412,US-Iran Final Nuclear Deal by…?,home,AP News,2,0,0,33,2,3,6.1
us-iran-final-nuclear-deal-by-20260621201254412,US-Iran Final Nuclear Deal by…?,home,The New York Times,1,0,0,33,2,3,6.1
us-iran-final-nuclear-deal-by-20260621201254412,US-Iran Final Nuclear Deal by…?,home,AP,1,1,1,33,2,3,6.1
us-iran-final-nuclear-deal-by-20260621201254412,US-Iran Final Nuclear Deal by…?,home,Al Jazeera,1,0,0,33,2,3,6.1
us-iran-final-nuclear-deal-by-20260621201254412,US-Iran Final Nuclear Deal by…?,home,The Guardian,1,0,0,33,2,3,6.1
us-iran-final-nuclear-deal-by-20260621201254412,US-Iran Final Nuclear Deal by…?,home,Hürriyet Daily News,1,0,0,33,2,3,6.1
us-iran-final-nuclear-deal-by-20260621201254412,US-Iran Final Nuclear Deal by…?,home,Fox News,1,0,0,33,2,3,6.1
us-iran-final-nuclear-deal-by-20260621201254412,US-Iran Final Nuclear Deal by…?,home,The Independent,1,0,0,33,2,3,6.1
us-iran-final-nuclear-deal-by-20260621201254412,US-Iran Final Nuclear Deal by…?,home,Wikipedia,1,0,1,33,2,3,6.1
us-iran-final-nuclear-deal-by-20260621201254412,US-Iran Final Nuclear Deal by…?,home,ABC News,1,1,1,33,2,3,6.1
peru-presidential-election-winner,Peru Presidential Election Winner,politics,Digital Journal,3,0,0,31,0,2,0.0
peru-presidential-election-winner,Peru Presidential Election Winner,politics,Al Jazeera,3,0,0,31,0,2,0.0
peru-presidential-election-winner,Peru Presidential Election Winner,politics,AS/COA,3,0,0,31,0,2,0.0
peru-presidential-election-winner,Peru Presidential Election Winner,politics,Latin American News Digest,2,0,0,31,0,2,0.0
peru-presidential-election-winner,Peru Presidential Election Winner,politics,Conflingo,2,0,0,31,0,2,0.0
peru-presidential-election-winner,Peru Presidential Election Winner,politics,Wikipedia,1,0,1,31,0,2,0.0
peru-presidential-election-winner,Peru Presidential Election Winner,politics,Willax,1,0,0,31,0,2,0.0
peru-presidential-election-winner,Peru Presidential Election Winner,politics,Particle News,1,0,0,31,0,2,0.0
peru-presidential-election-winner,Peru Presidential Election Winner,politics,Pressenza,1,0,0,31,0,2,0.0
peru-presidential-election-winner,Peru Presidential Election Winner,politics,Peruvian Sunrise,1,0,0,31,0,2,0.0
peru-presidential-election-winner,Peru Presidential Election Winner,politics,WLRN,1,0,0,31,0,2,0.0
peru-presidential-election-winner,Peru Presidential Election Winner,politics,Le Monde,1,0,0,31,0,2,0.0
peru-presidential-election-winner,Peru Presidential Election Winner,politics,2LT News,1,0,0,31,0,2,0.0
peru-presidential-election-winner,Peru Presidential Election Winner,politics,Peoples Dispatch,1,0,0,31,0,2,0.0
peru-presidential-election-winner,Peru Presidential Election Winner,politics,Peru Reports,1,0,0,31,0,2,0.0
peru-presidential-election-winner,Peru Presidential Election Winner,politics,Buenos Aires Herald,1,0,0,31,0,2,0.0
peru-presidential-election-winner,Peru Presidential Election Winner,politics,El Comercio,1,0,0,31,0,2,0.0
peru-presidential-election-winner,Peru Presidential Election Winner,politics,CuencaHighLife,1,0,0,31,0,2,0.0
peru-presidential-election-winner,Peru Presidential Election Winner,politics,NPR,1,0,1,31,0,2,0.0
peru-presidential-election-winner,Peru Presidential Election Winner,politics,United Press International,1,0,0,31,0,2,0.0
peru-presidential-election-winner,Peru Presidential Election Winner,politics,Americas Quarterly,1,0,0,31,0,2,0.0
peru-presidential-election-winner,Peru Presidential Election Winner,politics,Reuters,1,0,0,31,0,2,0.0
peru-presidential-election-winner,Peru Presidential Election Winner,politics,The New York Times,1,0,0,31,0,2,0.0
iran-closes-its-airspace-by,Iran closes its airspace by...?,politics,ABC News,11,2,0,30,4,0,13.3
iran-closes-its-airspace-by,Iran closes its airspace by...?,politics,AP News,4,0,0,30,4,0,13.3
iran-closes-its-airspace-by,Iran closes its airspace by...?,politics,Wego Travel Blog,2,0,0,30,4,0,13.3
iran-closes-its-airspace-by,Iran closes its airspace by...?,politics,VisaHQ,2,2,0,30,4,0,13.3
iran-closes-its-airspace-by,Iran closes its airspace by...?,politics,Reuters,2,0,0,30,4,0,13.3
iran-closes-its-airspace-by,Iran closes its airspace by...?,politics,U.S. Embassy UAE,1,0,0,30,4,0,13.3
iran-closes-its-airspace-by,Iran closes its airspace by...?,politics,WAM (UAE Ministry of Defence),1,0,0,30,4,0,13.3
iran-closes-its-airspace-by,Iran closes its airspace by...?,politics,Free Press Kashmir,1,0,0,30,4,0,13.3
iran-closes-its-airspace-by,Iran closes its airspace by...?,politics,Al Jazeera,1,0,0,30,4,0,13.3
iran-closes-its-airspace-by,Iran closes its airspace by...?,politics,Tempo.co,1,0,0,30,4,0,13.3
iran-closes-its-airspace-by,Iran closes its airspace by...?,politics,Defcon Level,1,0,0,30,4,0,13.3
iran-closes-its-airspace-by,Iran closes its airspace by...?,politics,Assam Tribune,1,0,0,30,4,0,13.3
iran-closes-its-airspace-by,Iran closes its airspace by...?,politics,Onmanorama,1,0,0,30,4,0,13.3
iran-closes-its-airspace-by,Iran closes its airspace by...?,politics,Gulf News,1,0,0,30,4,0,13.3
iran-agrees-to-surrender-enriched-uranium-stockpile-by,Iran agrees to surrender enriched uranium stockpile by...?,geopolitics,CryptoBriefing,4,0,0,19,1,4,5.3
claude-fable-5-restored-for-us-customers-by-20260613193753196,Claude Fable 5 restored for US customers by…?,home,The Tech Outlook,3,0,0,19,0,0,0.0
claude-fable-5-restored-for-us-customers-by-20260613193753196,Claude Fable 5 restored for US customers by…?,home,Nat Schooler,2,0,0,19,0,0,0.0
claude-fable-5-restored-for-us-customers-by-20260613193753196,Claude Fable 5 restored for US customers by…?,home,AI Business Weekly,2,0,0,19,0,0,0.0
iran-agrees-to-surrender-enriched-uranium-stockpile-by,Iran agrees to surrender enriched uranium stockpile by...?,geopolitics,Cryptobriefing,2,0,0,19,1,4,5.3
iran-agrees-to-surrender-enriched-uranium-stockpile-by,Iran agrees to surrender enriched uranium stockpile by...?,geopolitics,APA News,2,0,2,19,1,4,5.3
iran-agrees-to-surrender-enriched-uranium-stockpile-by,Iran agrees to surrender enriched uranium stockpile by...?,geopolitics,The Jerusalem Post,2,0,0,19,1,4,5.3
iran-agrees-to-surrender-enriched-uranium-stockpile-by,Iran agrees to surrender enriched uranium stockpile by...?,geopolitics,UPI,2,0,0,19,1,4,5.3
claude-fable-5-restored-for-us-customers-by-20260613193753196,Claude Fable 5 restored for US customers by…?,home,Tony Reviews Things,1,0,0,19,0,0,0.0
claude-fable-5-restored-for-us-customers-by-20260613193753196,Claude Fable 5 restored for US customers by…?,home,WorthvieW,1,0,0,19,0,0,0.0
claude-fable-5-restored-for-us-customers-by-20260613193753196,Claude Fable 5 restored for US customers by…?,home,The Bridge Chronicle,1,0,0,19,0,0,0.0
claude-fable-5-restored-for-us-customers-by-20260613193753196,Claude Fable 5 restored for US customers by…?,home,TechTimes,1,0,0,19,0,0,0.0
claude-fable-5-restored-for-us-customers-by-20260613193753196,Claude Fable 5 restored for US customers by…?,home,Reuters,1,0,0,19,0,0,0.0
claude-fable-5-restored-for-us-customers-by-20260613193753196,Claude Fable 5 restored for US customers by…?,home,Forbes,1,0,0,19,0,0,0.0
claude-fable-5-restored-for-us-customers-by-20260613193753196,Claude Fable 5 restored for US customers by…?,home,Pasquale Pillitteri,1,0,0,19,0,0,0.0
claude-fable-5-restored-for-us-customers-by-20260613193753196,Claude Fable 5 restored for US customers by…?,home,byteiota,1,0,0,19,0,0,0.0
claude-fable-5-restored-for-us-customers-by-20260613193753196,Claude Fable 5 restored for US customers by…?,home,Newsy Today,1,0,0,19,0,0,0.0
claude-fable-5-restored-for-us-customers-by-20260613193753196,Claude Fable 5 restored for US customers by…?,home,TechFyle,1,0,0,19,0,0,0.0
claude-fable-5-restored-for-us-customers-by-20260613193753196,Claude Fable 5 restored for US customers by…?,home,Socket,1,0,0,19,0,0,0.0
claude-fable-5-restored-for-us-customers-by-20260613193753196,Claude Fable 5 restored for US customers by…?,home,Business Upturn,1,0,0,19,0,0,0.0
iran-agrees-to-surrender-enriched-uranium-stockpile-by,Iran agrees to surrender enriched uranium stockpile by...?,geopolitics,Le Monde,1,0,0,19,1,4,5.3
iran-agrees-to-surrender-enriched-uranium-stockpile-by,Iran agrees to surrender enriched uranium stockpile by...?,geopolitics,Iran International,1,0,0,19,1,4,5.3
iran-agrees-to-surrender-enriched-uranium-stockpile-by,Iran agrees to surrender enriched uranium stockpile by...?,geopolitics,Newscord,1,1,0,19,1,4,5.3
iran-agrees-to-surrender-enriched-uranium-stockpile-by,Iran agrees to surrender enriched uranium stockpile by...?,geopolitics,WhiteHouse.news,1,0,1,19,1,4,5.3
iran-agrees-to-surrender-enriched-uranium-stockpile-by,Iran agrees to surrender enriched uranium stockpile by...?,geopolitics,Newstarget,1,0,0,19,1,4,5.3
iran-agrees-to-surrender-enriched-uranium-stockpile-by,Iran agrees to surrender enriched uranium stockpile by...?,geopolitics,TRT World,1,0,0,19,1,4,5.3
iran-agrees-to-surrender-enriched-uranium-stockpile-by,Iran agrees to surrender enriched uranium stockpile by...?,geopolitics,Whitehouse.news,1,0,1,19,1,4,5.3
will-hezbollah-disarm-by-march-31,Will Hezbollah disarm by...?,politics,en.libnanews.com,6,0,0,18,0,7,0.0
will-hezbollah-disarm-by-march-31,Will Hezbollah disarm by...?,politics,Disarmament of Hezbollah,4,0,4,18,0,7,0.0
will-hezbollah-disarm-by-march-31,Will Hezbollah disarm by...?,politics,naharnet.com,3,0,0,18,0,7,0.0
will-hezbollah-disarm-by-march-31,Will Hezbollah disarm by...?,politics,Naim Qassem,3,0,3,18,0,7,0.0
will-hezbollah-disarm-by-march-31,Will Hezbollah disarm by...?,politics,indiannews.nz,2,0,0,18,0,7,0.0
claude-mythos-released-by,Claude Mythos released by…?,home,Fortune,2,0,0,13,0,2,0.0
claude-mythos-released-by,Claude Mythos released by…?,home,Anthropic Official,2,0,0,13,0,2,0.0
claude-mythos-released-by,Claude Mythos released by…?,home,CNBC,1,0,0,13,0,2,0.0
claude-mythos-released-by,Claude Mythos released by…?,home,NFTENEX,1,0,1,13,0,2,0.0
claude-mythos-released-by,Claude Mythos released by…?,home,TechCrunch,1,0,0,13,0,2,0.0
claude-mythos-released-by,Claude Mythos released by…?,home,The AI Track,1,0,0,13,0,2,0.0
claude-mythos-released-by,Claude Mythos released by…?,home,TechTimes,1,0,0,13,0,2,0.0
claude-mythos-released-by,Claude Mythos released by…?,home,The Droid Guy,1,0,0,13,0,2,0.0
claude-mythos-released-by,Claude Mythos released by…?,home,Claude Fast,1,0,0,13,0,2,0.0
claude-mythos-released-by,Claude Mythos released by…?,home,Gizmodo,1,0,0,13,0,2,0.0
claude-mythos-released-by,Claude Mythos released by…?,home,Wikipedia,1,0,1,13,0,2,0.0
james-comey-arrested-by-may-15,James Comey arrested by...?,trump,washingtonpost.com,4,0,0,12,0,0,0.0
james-comey-arrested-by-may-15,James Comey arrested by...?,trump,cnn.com,4,0,0,12,0,0,0.0
james-comey-arrested-by-may-15,James Comey arrested by...?,trump,politico.com,2,0,0,12,0,0,0.0
james-comey-arrested-by-may-15,James Comey arrested by...?,trump,npr.org,2,0,0,12,0,0,0.0
trump-announces-us-x-iran-ceasefire-over-byptptpt-20260607232555290,Trump announces US x Iran ceasefire over by...?,home,AP News,2,0,0,8,0,1,0.0
trump-announces-us-x-iran-ceasefire-over-byptptpt-20260607232555290,Trump announces US x Iran ceasefire over by...?,home,en.wikipedia.org,1,0,1,8,0,1,0.0
trump-announces-us-x-iran-ceasefire-over-byptptpt-20260607232555290,Trump announces US x Iran ceasefire over by...?,home,NPR,1,0,0,8,0,1,0.0
trump-announces-us-x-iran-ceasefire-over-byptptpt-20260607232555290,Trump announces US x Iran ceasefire over by...?,home,The New York Times,1,0,0,8,0,1,0.0
trump-announces-us-x-iran-ceasefire-over-byptptpt-20260607232555290,Trump announces US x Iran ceasefire over by...?,home,The Guardian,1,0,0,8,0,1,0.0
trump-announces-us-x-iran-ceasefire-over-byptptpt-20260607232555290,Trump announces US x Iran ceasefire over by...?,home,Newsday,1,0,0,8,0,1,0.0
trump-announces-us-x-iran-ceasefire-over-byptptpt-20260607232555290,Trump announces US x Iran ceasefire over by...?,home,Time,1,0,0,8,0,1,0.0
next-french-presidential-election,Next French Presidential Election,elections,AP News,6,0,0,6,0,0,0.0
who-will-be-confirmed-as-fed-chair,Who will be confirmed as Fed Chair?,trump,AP News,3,0,0,3,0,0,0.0
